"date","value.FEDFUNDS","value.UNRATE","value.CPIAUCSL","value.DGS10"
2015-01-01,0.11,5.7,234.747,NA
2015-01-02,NA,NA,NA,2.12
2015-01-05,NA,NA,NA,2.04
2015-01-06,NA,NA,NA,1.97
2015-01-07,NA,NA,NA,1.96
2015-01-08,NA,NA,NA,2.03
2015-01-09,NA,NA,NA,1.98
2015-01-12,NA,NA,NA,1.92
2015-01-13,NA,NA,NA,1.91
2015-01-14,NA,NA,NA,1.86
2015-01-15,NA,NA,NA,1.77
2015-01-16,NA,NA,NA,1.83
2015-01-20,NA,NA,NA,1.82
2015-01-21,NA,NA,NA,1.87
2015-01-22,NA,NA,NA,1.9
2015-01-23,NA,NA,NA,1.81
2015-01-26,NA,NA,NA,1.83
2015-01-27,NA,NA,NA,1.83
2015-01-28,NA,NA,NA,1.73
2015-01-29,NA,NA,NA,1.77
2015-01-30,NA,NA,NA,1.68
2015-02-01,0.11,5.5,235.342,NA
2015-02-02,NA,NA,NA,1.68
2015-02-03,NA,NA,NA,1.79
2015-02-04,NA,NA,NA,1.81
2015-02-05,NA,NA,NA,1.83
2015-02-06,NA,NA,NA,1.95
2015-02-09,NA,NA,NA,1.96
2015-02-10,NA,NA,NA,2.01
2015-02-11,NA,NA,NA,2
2015-02-12,NA,NA,NA,1.99
2015-02-13,NA,NA,NA,2.02
2015-02-17,NA,NA,NA,2.14
2015-02-18,NA,NA,NA,2.07
2015-02-19,NA,NA,NA,2.11
2015-02-20,NA,NA,NA,2.13
2015-02-23,NA,NA,NA,2.06
2015-02-24,NA,NA,NA,1.99
2015-02-25,NA,NA,NA,1.96
2015-02-26,NA,NA,NA,2.03
2015-02-27,NA,NA,NA,2
2015-03-01,0.11,5.4,235.976,NA
2015-03-02,NA,NA,NA,2.08
2015-03-03,NA,NA,NA,2.12
2015-03-04,NA,NA,NA,2.12
2015-03-05,NA,NA,NA,2.11
2015-03-06,NA,NA,NA,2.24
2015-03-09,NA,NA,NA,2.2
2015-03-10,NA,NA,NA,2.14
2015-03-11,NA,NA,NA,2.11
2015-03-12,NA,NA,NA,2.1
2015-03-13,NA,NA,NA,2.13
2015-03-16,NA,NA,NA,2.1
2015-03-17,NA,NA,NA,2.06
2015-03-18,NA,NA,NA,1.93
2015-03-19,NA,NA,NA,1.98
2015-03-20,NA,NA,NA,1.93
2015-03-23,NA,NA,NA,1.92
2015-03-24,NA,NA,NA,1.88
2015-03-25,NA,NA,NA,1.93
2015-03-26,NA,NA,NA,2.01
2015-03-27,NA,NA,NA,1.95
2015-03-30,NA,NA,NA,1.96
2015-03-31,NA,NA,NA,1.94
2015-04-01,0.12,5.4,236.222,1.87
2015-04-02,NA,NA,NA,1.92
2015-04-03,NA,NA,NA,1.85
2015-04-06,NA,NA,NA,1.92
2015-04-07,NA,NA,NA,1.89
2015-04-08,NA,NA,NA,1.92
2015-04-09,NA,NA,NA,1.97
2015-04-10,NA,NA,NA,1.96
2015-04-13,NA,NA,NA,1.94
2015-04-14,NA,NA,NA,1.9
2015-04-15,NA,NA,NA,1.91
2015-04-16,NA,NA,NA,1.9
2015-04-17,NA,NA,NA,1.87
2015-04-20,NA,NA,NA,1.9
2015-04-21,NA,NA,NA,1.92
2015-04-22,NA,NA,NA,1.99
2015-04-23,NA,NA,NA,1.96
2015-04-24,NA,NA,NA,1.93
2015-04-27,NA,NA,NA,1.94
2015-04-28,NA,NA,NA,2
2015-04-29,NA,NA,NA,2.06
2015-04-30,NA,NA,NA,2.05
2015-05-01,0.12,5.6,237.001,2.12
2015-05-04,NA,NA,NA,2.16
2015-05-05,NA,NA,NA,2.19
2015-05-06,NA,NA,NA,2.25
2015-05-07,NA,NA,NA,2.18
2015-05-08,NA,NA,NA,2.16
2015-05-11,NA,NA,NA,2.28
2015-05-12,NA,NA,NA,2.28
2015-05-13,NA,NA,NA,2.27
2015-05-14,NA,NA,NA,2.23
2015-05-15,NA,NA,NA,2.14
2015-05-18,NA,NA,NA,2.23
2015-05-19,NA,NA,NA,2.27
2015-05-20,NA,NA,NA,2.26
2015-05-21,NA,NA,NA,2.19
2015-05-22,NA,NA,NA,2.21
2015-05-26,NA,NA,NA,2.14
2015-05-27,NA,NA,NA,2.14
2015-05-28,NA,NA,NA,2.13
2015-05-29,NA,NA,NA,2.12
2015-06-01,0.13,5.3,237.657,2.19
2015-06-02,NA,NA,NA,2.27
2015-06-03,NA,NA,NA,2.38
2015-06-04,NA,NA,NA,2.31
2015-06-05,NA,NA,NA,2.41
2015-06-08,NA,NA,NA,2.39
2015-06-09,NA,NA,NA,2.42
2015-06-10,NA,NA,NA,2.5
2015-06-11,NA,NA,NA,2.39
2015-06-12,NA,NA,NA,2.39
2015-06-15,NA,NA,NA,2.36
2015-06-16,NA,NA,NA,2.32
2015-06-17,NA,NA,NA,2.32
2015-06-18,NA,NA,NA,2.35
2015-06-19,NA,NA,NA,2.26
2015-06-22,NA,NA,NA,2.37
2015-06-23,NA,NA,NA,2.42
2015-06-24,NA,NA,NA,2.38
2015-06-25,NA,NA,NA,2.4
2015-06-26,NA,NA,NA,2.49
2015-06-29,NA,NA,NA,2.33
2015-06-30,NA,NA,NA,2.35
2015-07-01,0.13,5.2,238.034,2.43
2015-07-02,NA,NA,NA,2.4
2015-07-06,NA,NA,NA,2.3
2015-07-07,NA,NA,NA,2.27
2015-07-08,NA,NA,NA,2.22
2015-07-09,NA,NA,NA,2.32
2015-07-10,NA,NA,NA,2.42
2015-07-13,NA,NA,NA,2.44
2015-07-14,NA,NA,NA,2.41
2015-07-15,NA,NA,NA,2.36
2015-07-16,NA,NA,NA,2.36
2015-07-17,NA,NA,NA,2.34
2015-07-20,NA,NA,NA,2.38
2015-07-21,NA,NA,NA,2.35
2015-07-22,NA,NA,NA,2.33
2015-07-23,NA,NA,NA,2.28
2015-07-24,NA,NA,NA,2.27
2015-07-27,NA,NA,NA,2.23
2015-07-28,NA,NA,NA,2.26
2015-07-29,NA,NA,NA,2.29
2015-07-30,NA,NA,NA,2.28
2015-07-31,NA,NA,NA,2.2
2015-08-01,0.14,5.1,238.033,NA
2015-08-03,NA,NA,NA,2.16
2015-08-04,NA,NA,NA,2.23
2015-08-05,NA,NA,NA,2.28
2015-08-06,NA,NA,NA,2.23
2015-08-07,NA,NA,NA,2.18
2015-08-10,NA,NA,NA,2.24
2015-08-11,NA,NA,NA,2.15
2015-08-12,NA,NA,NA,2.14
2015-08-13,NA,NA,NA,2.19
2015-08-14,NA,NA,NA,2.2
2015-08-17,NA,NA,NA,2.16
2015-08-18,NA,NA,NA,2.2
2015-08-19,NA,NA,NA,2.12
2015-08-20,NA,NA,NA,2.09
2015-08-21,NA,NA,NA,2.05
2015-08-24,NA,NA,NA,2.01
2015-08-25,NA,NA,NA,2.12
2015-08-26,NA,NA,NA,2.18
2015-08-27,NA,NA,NA,2.18
2015-08-28,NA,NA,NA,2.19
2015-08-31,NA,NA,NA,2.21
2015-09-01,0.14,5,237.498,2.17
2015-09-02,NA,NA,NA,2.2
2015-09-03,NA,NA,NA,2.18
2015-09-04,NA,NA,NA,2.13
2015-09-08,NA,NA,NA,2.2
2015-09-09,NA,NA,NA,2.21
2015-09-10,NA,NA,NA,2.23
2015-09-11,NA,NA,NA,2.2
2015-09-14,NA,NA,NA,2.18
2015-09-15,NA,NA,NA,2.28
2015-09-16,NA,NA,NA,2.3
2015-09-17,NA,NA,NA,2.21
2015-09-18,NA,NA,NA,2.13
2015-09-21,NA,NA,NA,2.2
2015-09-22,NA,NA,NA,2.14
2015-09-23,NA,NA,NA,2.16
2015-09-24,NA,NA,NA,2.13
2015-09-25,NA,NA,NA,2.17
2015-09-28,NA,NA,NA,2.1
2015-09-29,NA,NA,NA,2.05
2015-09-30,NA,NA,NA,2.06
2015-10-01,0.12,5,237.733,2.05
2015-10-02,NA,NA,NA,1.99
2015-10-05,NA,NA,NA,2.07
2015-10-06,NA,NA,NA,2.05
2015-10-07,NA,NA,NA,2.08
2015-10-08,NA,NA,NA,2.12
2015-10-09,NA,NA,NA,2.12
2015-10-13,NA,NA,NA,2.06
2015-10-14,NA,NA,NA,1.99
2015-10-15,NA,NA,NA,2.04
2015-10-16,NA,NA,NA,2.04
2015-10-19,NA,NA,NA,2.04
2015-10-20,NA,NA,NA,2.08
2015-10-21,NA,NA,NA,2.04
2015-10-22,NA,NA,NA,2.04
2015-10-23,NA,NA,NA,2.09
2015-10-26,NA,NA,NA,2.07
2015-10-27,NA,NA,NA,2.05
2015-10-28,NA,NA,NA,2.1
2015-10-29,NA,NA,NA,2.19
2015-10-30,NA,NA,NA,2.16
2015-11-01,0.12,5.1,238.017,NA
2015-11-02,NA,NA,NA,2.2
2015-11-03,NA,NA,NA,2.23
2015-11-04,NA,NA,NA,2.25
2015-11-05,NA,NA,NA,2.26
2015-11-06,NA,NA,NA,2.34
2015-11-09,NA,NA,NA,2.36
2015-11-10,NA,NA,NA,2.32
2015-11-12,NA,NA,NA,2.32
2015-11-13,NA,NA,NA,2.28
2015-11-16,NA,NA,NA,2.27
2015-11-17,NA,NA,NA,2.25
2015-11-18,NA,NA,NA,2.27
2015-11-19,NA,NA,NA,2.24
2015-11-20,NA,NA,NA,2.26
2015-11-23,NA,NA,NA,2.25
2015-11-24,NA,NA,NA,2.24
2015-11-25,NA,NA,NA,2.23
2015-11-27,NA,NA,NA,2.22
2015-11-30,NA,NA,NA,2.21
2015-12-01,0.24,5,237.761,2.15
2015-12-02,NA,NA,NA,2.18
2015-12-03,NA,NA,NA,2.33
2015-12-04,NA,NA,NA,2.28
2015-12-07,NA,NA,NA,2.23
2015-12-08,NA,NA,NA,2.24
2015-12-09,NA,NA,NA,2.22
2015-12-10,NA,NA,NA,2.24
2015-12-11,NA,NA,NA,2.13
2015-12-14,NA,NA,NA,2.23
2015-12-15,NA,NA,NA,2.28
2015-12-16,NA,NA,NA,2.3
2015-12-17,NA,NA,NA,2.24
2015-12-18,NA,NA,NA,2.19
2015-12-21,NA,NA,NA,2.2
2015-12-22,NA,NA,NA,2.24
2015-12-23,NA,NA,NA,2.27
2015-12-24,NA,NA,NA,2.25
2015-12-28,NA,NA,NA,2.24
2015-12-29,NA,NA,NA,2.32
2015-12-30,NA,NA,NA,2.31
2015-12-31,NA,NA,NA,2.27
2016-01-01,0.34,4.8,237.652,NA
2016-01-04,NA,NA,NA,2.24
2016-01-05,NA,NA,NA,2.25
2016-01-06,NA,NA,NA,2.18
2016-01-07,NA,NA,NA,2.16
2016-01-08,NA,NA,NA,2.13
2016-01-11,NA,NA,NA,2.17
2016-01-12,NA,NA,NA,2.12
2016-01-13,NA,NA,NA,2.08
2016-01-14,NA,NA,NA,2.1
2016-01-15,NA,NA,NA,2.03
2016-01-19,NA,NA,NA,2.06
2016-01-20,NA,NA,NA,2.01
2016-01-21,NA,NA,NA,2.02
2016-01-22,NA,NA,NA,2.07
2016-01-25,NA,NA,NA,2.03
2016-01-26,NA,NA,NA,2.01
2016-01-27,NA,NA,NA,2.02
2016-01-28,NA,NA,NA,2
2016-01-29,NA,NA,NA,1.94
2016-02-01,0.38,4.9,237.336,1.97
2016-02-02,NA,NA,NA,1.87
2016-02-03,NA,NA,NA,1.88
2016-02-04,NA,NA,NA,1.87
2016-02-05,NA,NA,NA,1.86
2016-02-08,NA,NA,NA,1.75
2016-02-09,NA,NA,NA,1.74
2016-02-10,NA,NA,NA,1.71
2016-02-11,NA,NA,NA,1.63
2016-02-12,NA,NA,NA,1.74
2016-02-16,NA,NA,NA,1.78
2016-02-17,NA,NA,NA,1.81
2016-02-18,NA,NA,NA,1.75
2016-02-19,NA,NA,NA,1.76
2016-02-22,NA,NA,NA,1.77
2016-02-23,NA,NA,NA,1.74
2016-02-24,NA,NA,NA,1.75
2016-02-25,NA,NA,NA,1.71
2016-02-26,NA,NA,NA,1.76
2016-02-29,NA,NA,NA,1.74
2016-03-01,0.36,5,238.08,1.83
2016-03-02,NA,NA,NA,1.84
2016-03-03,NA,NA,NA,1.83
2016-03-04,NA,NA,NA,1.88
2016-03-07,NA,NA,NA,1.91
2016-03-08,NA,NA,NA,1.83
2016-03-09,NA,NA,NA,1.9
2016-03-10,NA,NA,NA,1.93
2016-03-11,NA,NA,NA,1.98
2016-03-14,NA,NA,NA,1.97
2016-03-15,NA,NA,NA,1.97
2016-03-16,NA,NA,NA,1.94
2016-03-17,NA,NA,NA,1.91
2016-03-18,NA,NA,NA,1.88
2016-03-21,NA,NA,NA,1.92
2016-03-22,NA,NA,NA,1.94
2016-03-23,NA,NA,NA,1.88
2016-03-24,NA,NA,NA,1.91
2016-03-28,NA,NA,NA,1.89
2016-03-29,NA,NA,NA,1.81
2016-03-30,NA,NA,NA,1.83
2016-03-31,NA,NA,NA,1.78
2016-04-01,0.37,5.1,238.992,1.79
2016-04-04,NA,NA,NA,1.78
2016-04-05,NA,NA,NA,1.73
2016-04-06,NA,NA,NA,1.76
2016-04-07,NA,NA,NA,1.7
2016-04-08,NA,NA,NA,1.72
2016-04-11,NA,NA,NA,1.73
2016-04-12,NA,NA,NA,1.79
2016-04-13,NA,NA,NA,1.77
2016-04-14,NA,NA,NA,1.8
2016-04-15,NA,NA,NA,1.76
2016-04-18,NA,NA,NA,1.78
2016-04-19,NA,NA,NA,1.79
2016-04-20,NA,NA,NA,1.85
2016-04-21,NA,NA,NA,1.88
2016-04-22,NA,NA,NA,1.89
2016-04-25,NA,NA,NA,1.91
2016-04-26,NA,NA,NA,1.94
2016-04-27,NA,NA,NA,1.87
2016-04-28,NA,NA,NA,1.84
2016-04-29,NA,NA,NA,1.83
2016-05-01,0.37,4.8,239.557,NA
2016-05-02,NA,NA,NA,1.88
2016-05-03,NA,NA,NA,1.81
2016-05-04,NA,NA,NA,1.79
2016-05-05,NA,NA,NA,1.76
2016-05-06,NA,NA,NA,1.79
2016-05-09,NA,NA,NA,1.77
2016-05-10,NA,NA,NA,1.77
2016-05-11,NA,NA,NA,1.73
2016-05-12,NA,NA,NA,1.75
2016-05-13,NA,NA,NA,1.71
2016-05-16,NA,NA,NA,1.75
2016-05-17,NA,NA,NA,1.76
2016-05-18,NA,NA,NA,1.87
2016-05-19,NA,NA,NA,1.85
2016-05-20,NA,NA,NA,1.85
2016-05-23,NA,NA,NA,1.84
2016-05-24,NA,NA,NA,1.86
2016-05-25,NA,NA,NA,1.87
2016-05-26,NA,NA,NA,1.83
2016-05-27,NA,NA,NA,1.85
2016-05-31,NA,NA,NA,1.84
2016-06-01,0.38,4.9,240.222,1.85
2016-06-02,NA,NA,NA,1.81
2016-06-03,NA,NA,NA,1.71
2016-06-06,NA,NA,NA,1.73
2016-06-07,NA,NA,NA,1.72
2016-06-08,NA,NA,NA,1.71
2016-06-09,NA,NA,NA,1.68
2016-06-10,NA,NA,NA,1.64
2016-06-13,NA,NA,NA,1.62
2016-06-14,NA,NA,NA,1.62
2016-06-15,NA,NA,NA,1.6
2016-06-16,NA,NA,NA,1.57
2016-06-17,NA,NA,NA,1.62
2016-06-20,NA,NA,NA,1.67
2016-06-21,NA,NA,NA,1.71
2016-06-22,NA,NA,NA,1.69
2016-06-23,NA,NA,NA,1.74
2016-06-24,NA,NA,NA,1.57
2016-06-27,NA,NA,NA,1.46
2016-06-28,NA,NA,NA,1.46
2016-06-29,NA,NA,NA,1.5
2016-06-30,NA,NA,NA,1.49
2016-07-01,0.39,4.8,240.101,1.46
2016-07-05,NA,NA,NA,1.37
2016-07-06,NA,NA,NA,1.38
2016-07-07,NA,NA,NA,1.4
2016-07-08,NA,NA,NA,1.37
2016-07-11,NA,NA,NA,1.43
2016-07-12,NA,NA,NA,1.53
2016-07-13,NA,NA,NA,1.48
2016-07-14,NA,NA,NA,1.53
2016-07-15,NA,NA,NA,1.6
2016-07-18,NA,NA,NA,1.59
2016-07-19,NA,NA,NA,1.56
2016-07-20,NA,NA,NA,1.59
2016-07-21,NA,NA,NA,1.57
2016-07-22,NA,NA,NA,1.57
2016-07-25,NA,NA,NA,1.58
2016-07-26,NA,NA,NA,1.57
2016-07-27,NA,NA,NA,1.52
2016-07-28,NA,NA,NA,1.52
2016-07-29,NA,NA,NA,1.46
2016-08-01,0.4,4.9,240.545,1.51
2016-08-02,NA,NA,NA,1.55
2016-08-03,NA,NA,NA,1.55
2016-08-04,NA,NA,NA,1.51
2016-08-05,NA,NA,NA,1.59
2016-08-08,NA,NA,NA,1.59
2016-08-09,NA,NA,NA,1.55
2016-08-10,NA,NA,NA,1.5
2016-08-11,NA,NA,NA,1.57
2016-08-12,NA,NA,NA,1.51
2016-08-15,NA,NA,NA,1.55
2016-08-16,NA,NA,NA,1.57
2016-08-17,NA,NA,NA,1.56
2016-08-18,NA,NA,NA,1.53
2016-08-19,NA,NA,NA,1.58
2016-08-22,NA,NA,NA,1.55
2016-08-23,NA,NA,NA,1.55
2016-08-24,NA,NA,NA,1.56
2016-08-25,NA,NA,NA,1.58
2016-08-26,NA,NA,NA,1.62
2016-08-29,NA,NA,NA,1.57
2016-08-30,NA,NA,NA,1.57
2016-08-31,NA,NA,NA,1.58
2016-09-01,0.4,5,241.176,1.57
2016-09-02,NA,NA,NA,1.6
2016-09-06,NA,NA,NA,1.55
2016-09-07,NA,NA,NA,1.54
2016-09-08,NA,NA,NA,1.61
2016-09-09,NA,NA,NA,1.67
2016-09-12,NA,NA,NA,1.68
2016-09-13,NA,NA,NA,1.73
2016-09-14,NA,NA,NA,1.7
2016-09-15,NA,NA,NA,1.71
2016-09-16,NA,NA,NA,1.7
2016-09-19,NA,NA,NA,1.7
2016-09-20,NA,NA,NA,1.69
2016-09-21,NA,NA,NA,1.66
2016-09-22,NA,NA,NA,1.63
2016-09-23,NA,NA,NA,1.62
2016-09-26,NA,NA,NA,1.59
2016-09-27,NA,NA,NA,1.56
2016-09-28,NA,NA,NA,1.57
2016-09-29,NA,NA,NA,1.56
2016-09-30,NA,NA,NA,1.6
2016-10-01,0.4,4.9,241.741,NA
2016-10-03,NA,NA,NA,1.63
2016-10-04,NA,NA,NA,1.69
2016-10-05,NA,NA,NA,1.72
2016-10-06,NA,NA,NA,1.75
2016-10-07,NA,NA,NA,1.73
2016-10-11,NA,NA,NA,1.77
2016-10-12,NA,NA,NA,1.79
2016-10-13,NA,NA,NA,1.75
2016-10-14,NA,NA,NA,1.8
2016-10-17,NA,NA,NA,1.77
2016-10-18,NA,NA,NA,1.75
2016-10-19,NA,NA,NA,1.76
2016-10-20,NA,NA,NA,1.76
2016-10-21,NA,NA,NA,1.74
2016-10-24,NA,NA,NA,1.77
2016-10-25,NA,NA,NA,1.77
2016-10-26,NA,NA,NA,1.79
2016-10-27,NA,NA,NA,1.85
2016-10-28,NA,NA,NA,1.86
2016-10-31,NA,NA,NA,1.84
2016-11-01,0.41,4.7,242.026,1.83
2016-11-02,NA,NA,NA,1.81
2016-11-03,NA,NA,NA,1.82
2016-11-04,NA,NA,NA,1.79
2016-11-07,NA,NA,NA,1.83
2016-11-08,NA,NA,NA,1.88
2016-11-09,NA,NA,NA,2.07
2016-11-10,NA,NA,NA,2.15
2016-11-14,NA,NA,NA,2.23
2016-11-15,NA,NA,NA,2.23
2016-11-16,NA,NA,NA,2.22
2016-11-17,NA,NA,NA,2.29
2016-11-18,NA,NA,NA,2.34
2016-11-21,NA,NA,NA,2.33
2016-11-22,NA,NA,NA,2.31
2016-11-23,NA,NA,NA,2.36
2016-11-25,NA,NA,NA,2.36
2016-11-28,NA,NA,NA,2.32
2016-11-29,NA,NA,NA,2.3
2016-11-30,NA,NA,NA,2.37
2016-12-01,0.54,4.7,242.637,2.45
2016-12-02,NA,NA,NA,2.4
2016-12-05,NA,NA,NA,2.39
2016-12-06,NA,NA,NA,2.39
2016-12-07,NA,NA,NA,2.34
2016-12-08,NA,NA,NA,2.4
2016-12-09,NA,NA,NA,2.47
2016-12-12,NA,NA,NA,2.49
2016-12-13,NA,NA,NA,2.48
2016-12-14,NA,NA,NA,2.54
2016-12-15,NA,NA,NA,2.6
2016-12-16,NA,NA,NA,2.6
2016-12-19,NA,NA,NA,2.54
2016-12-20,NA,NA,NA,2.57
2016-12-21,NA,NA,NA,2.55
2016-12-22,NA,NA,NA,2.55
2016-12-23,NA,NA,NA,2.55
2016-12-27,NA,NA,NA,2.57
2016-12-28,NA,NA,NA,2.51
2016-12-29,NA,NA,NA,2.49
2016-12-30,NA,NA,NA,2.45
2017-01-01,0.65,4.7,243.618,NA
2017-01-03,NA,NA,NA,2.45
2017-01-04,NA,NA,NA,2.46
2017-01-05,NA,NA,NA,2.37
2017-01-06,NA,NA,NA,2.42
2017-01-09,NA,NA,NA,2.38
2017-01-10,NA,NA,NA,2.38
2017-01-11,NA,NA,NA,2.38
2017-01-12,NA,NA,NA,2.36
2017-01-13,NA,NA,NA,2.4
2017-01-17,NA,NA,NA,2.33
2017-01-18,NA,NA,NA,2.42
2017-01-19,NA,NA,NA,2.47
2017-01-20,NA,NA,NA,2.48
2017-01-23,NA,NA,NA,2.41
2017-01-24,NA,NA,NA,2.47
2017-01-25,NA,NA,NA,2.53
2017-01-26,NA,NA,NA,2.51
2017-01-27,NA,NA,NA,2.49
2017-01-30,NA,NA,NA,2.49
2017-01-31,NA,NA,NA,2.45
2017-02-01,0.66,4.6,244.006,2.48
2017-02-02,NA,NA,NA,2.48
2017-02-03,NA,NA,NA,2.49
2017-02-06,NA,NA,NA,2.42
2017-02-07,NA,NA,NA,2.4
2017-02-08,NA,NA,NA,2.34
2017-02-09,NA,NA,NA,2.4
2017-02-10,NA,NA,NA,2.41
2017-02-13,NA,NA,NA,2.43
2017-02-14,NA,NA,NA,2.47
2017-02-15,NA,NA,NA,2.51
2017-02-16,NA,NA,NA,2.45
2017-02-17,NA,NA,NA,2.42
2017-02-21,NA,NA,NA,2.43
2017-02-22,NA,NA,NA,2.42
2017-02-23,NA,NA,NA,2.38
2017-02-24,NA,NA,NA,2.31
2017-02-27,NA,NA,NA,2.36
2017-02-28,NA,NA,NA,2.36
2017-03-01,0.79,4.4,243.892,2.46
2017-03-02,NA,NA,NA,2.49
2017-03-03,NA,NA,NA,2.49
2017-03-06,NA,NA,NA,2.49
2017-03-07,NA,NA,NA,2.52
2017-03-08,NA,NA,NA,2.57
2017-03-09,NA,NA,NA,2.6
2017-03-10,NA,NA,NA,2.58
2017-03-13,NA,NA,NA,2.62
2017-03-14,NA,NA,NA,2.6
2017-03-15,NA,NA,NA,2.51
2017-03-16,NA,NA,NA,2.53
2017-03-17,NA,NA,NA,2.5
2017-03-20,NA,NA,NA,2.47
2017-03-21,NA,NA,NA,2.43
2017-03-22,NA,NA,NA,2.4
2017-03-23,NA,NA,NA,2.41
2017-03-24,NA,NA,NA,2.4
2017-03-27,NA,NA,NA,2.38
2017-03-28,NA,NA,NA,2.42
2017-03-29,NA,NA,NA,2.39
2017-03-30,NA,NA,NA,2.42
2017-03-31,NA,NA,NA,2.4
2017-04-01,0.9,4.4,244.193,NA
2017-04-03,NA,NA,NA,2.35
2017-04-04,NA,NA,NA,2.36
2017-04-05,NA,NA,NA,2.34
2017-04-06,NA,NA,NA,2.34
2017-04-07,NA,NA,NA,2.38
2017-04-10,NA,NA,NA,2.37
2017-04-11,NA,NA,NA,2.32
2017-04-12,NA,NA,NA,2.28
2017-04-13,NA,NA,NA,2.24
2017-04-17,NA,NA,NA,2.26
2017-04-18,NA,NA,NA,2.18
2017-04-19,NA,NA,NA,2.21
2017-04-20,NA,NA,NA,2.24
2017-04-21,NA,NA,NA,2.24
2017-04-24,NA,NA,NA,2.28
2017-04-25,NA,NA,NA,2.35
2017-04-26,NA,NA,NA,2.32
2017-04-27,NA,NA,NA,2.3
2017-04-28,NA,NA,NA,2.29
2017-05-01,0.91,4.4,244.004,2.33
2017-05-02,NA,NA,NA,2.29
2017-05-03,NA,NA,NA,2.33
2017-05-04,NA,NA,NA,2.36
2017-05-05,NA,NA,NA,2.36
2017-05-08,NA,NA,NA,2.39
2017-05-09,NA,NA,NA,2.42
2017-05-10,NA,NA,NA,2.41
2017-05-11,NA,NA,NA,2.39
2017-05-12,NA,NA,NA,2.33
2017-05-15,NA,NA,NA,2.34
2017-05-16,NA,NA,NA,2.33
2017-05-17,NA,NA,NA,2.22
2017-05-18,NA,NA,NA,2.23
2017-05-19,NA,NA,NA,2.23
2017-05-22,NA,NA,NA,2.25
2017-05-23,NA,NA,NA,2.29
2017-05-24,NA,NA,NA,2.26
2017-05-25,NA,NA,NA,2.25
2017-05-26,NA,NA,NA,2.25
2017-05-30,NA,NA,NA,2.21
2017-05-31,NA,NA,NA,2.21
2017-06-01,1.04,4.3,244.163,2.21
2017-06-02,NA,NA,NA,2.15
2017-06-05,NA,NA,NA,2.18
2017-06-06,NA,NA,NA,2.14
2017-06-07,NA,NA,NA,2.18
2017-06-08,NA,NA,NA,2.19
2017-06-09,NA,NA,NA,2.21
2017-06-12,NA,NA,NA,2.21
2017-06-13,NA,NA,NA,2.21
2017-06-14,NA,NA,NA,2.15
2017-06-15,NA,NA,NA,2.16
2017-06-16,NA,NA,NA,2.16
2017-06-19,NA,NA,NA,2.19
2017-06-20,NA,NA,NA,2.16
2017-06-21,NA,NA,NA,2.16
2017-06-22,NA,NA,NA,2.15
2017-06-23,NA,NA,NA,2.15
2017-06-26,NA,NA,NA,2.14
2017-06-27,NA,NA,NA,2.21
2017-06-28,NA,NA,NA,2.22
2017-06-29,NA,NA,NA,2.27
2017-06-30,NA,NA,NA,2.31
2017-07-01,1.15,4.3,244.243,NA
2017-07-03,NA,NA,NA,2.35
2017-07-05,NA,NA,NA,2.33
2017-07-06,NA,NA,NA,2.37
2017-07-07,NA,NA,NA,2.39
2017-07-10,NA,NA,NA,2.38
2017-07-11,NA,NA,NA,2.37
2017-07-12,NA,NA,NA,2.33
2017-07-13,NA,NA,NA,2.35
2017-07-14,NA,NA,NA,2.33
2017-07-17,NA,NA,NA,2.31
2017-07-18,NA,NA,NA,2.27
2017-07-19,NA,NA,NA,2.27
2017-07-20,NA,NA,NA,2.27
2017-07-21,NA,NA,NA,2.24
2017-07-24,NA,NA,NA,2.26
2017-07-25,NA,NA,NA,2.33
2017-07-26,NA,NA,NA,2.29
2017-07-27,NA,NA,NA,2.32
2017-07-28,NA,NA,NA,2.3
2017-07-31,NA,NA,NA,2.3
2017-08-01,1.16,4.4,245.183,2.26
2017-08-02,NA,NA,NA,2.27
2017-08-03,NA,NA,NA,2.24
2017-08-04,NA,NA,NA,2.27
2017-08-07,NA,NA,NA,2.26
2017-08-08,NA,NA,NA,2.29
2017-08-09,NA,NA,NA,2.24
2017-08-10,NA,NA,NA,2.2
2017-08-11,NA,NA,NA,2.19
2017-08-14,NA,NA,NA,2.22
2017-08-15,NA,NA,NA,2.27
2017-08-16,NA,NA,NA,2.23
2017-08-17,NA,NA,NA,2.19
2017-08-18,NA,NA,NA,2.19
2017-08-21,NA,NA,NA,2.18
2017-08-22,NA,NA,NA,2.22
2017-08-23,NA,NA,NA,2.17
2017-08-24,NA,NA,NA,2.19
2017-08-25,NA,NA,NA,2.17
2017-08-28,NA,NA,NA,2.16
2017-08-29,NA,NA,NA,2.13
2017-08-30,NA,NA,NA,2.15
2017-08-31,NA,NA,NA,2.12
2017-09-01,1.15,4.3,246.435,2.16
2017-09-05,NA,NA,NA,2.07
2017-09-06,NA,NA,NA,2.1
2017-09-07,NA,NA,NA,2.05
2017-09-08,NA,NA,NA,2.06
2017-09-11,NA,NA,NA,2.14
2017-09-12,NA,NA,NA,2.17
2017-09-13,NA,NA,NA,2.2
2017-09-14,NA,NA,NA,2.2
2017-09-15,NA,NA,NA,2.2
2017-09-18,NA,NA,NA,2.23
2017-09-19,NA,NA,NA,2.24
2017-09-20,NA,NA,NA,2.28
2017-09-21,NA,NA,NA,2.27
2017-09-22,NA,NA,NA,2.26
2017-09-25,NA,NA,NA,2.22
2017-09-26,NA,NA,NA,2.24
2017-09-27,NA,NA,NA,2.31
2017-09-28,NA,NA,NA,2.31
2017-09-29,NA,NA,NA,2.33
2017-10-01,1.15,4.2,246.626,NA
2017-10-02,NA,NA,NA,2.34
2017-10-03,NA,NA,NA,2.33
2017-10-04,NA,NA,NA,2.33
2017-10-05,NA,NA,NA,2.35
2017-10-06,NA,NA,NA,2.37
2017-10-10,NA,NA,NA,2.35
2017-10-11,NA,NA,NA,2.35
2017-10-12,NA,NA,NA,2.33
2017-10-13,NA,NA,NA,2.28
2017-10-16,NA,NA,NA,2.3
2017-10-17,NA,NA,NA,2.3
2017-10-18,NA,NA,NA,2.34
2017-10-19,NA,NA,NA,2.33
2017-10-20,NA,NA,NA,2.39
2017-10-23,NA,NA,NA,2.38
2017-10-24,NA,NA,NA,2.42
2017-10-25,NA,NA,NA,2.44
2017-10-26,NA,NA,NA,2.46
2017-10-27,NA,NA,NA,2.42
2017-10-30,NA,NA,NA,2.37
2017-10-31,NA,NA,NA,2.38
2017-11-01,1.16,4.2,247.284,2.37
2017-11-02,NA,NA,NA,2.35
2017-11-03,NA,NA,NA,2.34
2017-11-06,NA,NA,NA,2.32
2017-11-07,NA,NA,NA,2.32
2017-11-08,NA,NA,NA,2.32
2017-11-09,NA,NA,NA,2.33
2017-11-10,NA,NA,NA,2.4
2017-11-13,NA,NA,NA,2.4
2017-11-14,NA,NA,NA,2.38
2017-11-15,NA,NA,NA,2.33
2017-11-16,NA,NA,NA,2.37
2017-11-17,NA,NA,NA,2.35
2017-11-20,NA,NA,NA,2.37
2017-11-21,NA,NA,NA,2.36
2017-11-22,NA,NA,NA,2.32
2017-11-24,NA,NA,NA,2.34
2017-11-27,NA,NA,NA,2.32
2017-11-28,NA,NA,NA,2.34
2017-11-29,NA,NA,NA,2.37
2017-11-30,NA,NA,NA,2.42
2017-12-01,1.3,4.1,247.805,2.37
2017-12-04,NA,NA,NA,2.37
2017-12-05,NA,NA,NA,2.36
2017-12-06,NA,NA,NA,2.33
2017-12-07,NA,NA,NA,2.37
2017-12-08,NA,NA,NA,2.38
2017-12-11,NA,NA,NA,2.39
2017-12-12,NA,NA,NA,2.4
2017-12-13,NA,NA,NA,2.36
2017-12-14,NA,NA,NA,2.35
2017-12-15,NA,NA,NA,2.35
2017-12-18,NA,NA,NA,2.39
2017-12-19,NA,NA,NA,2.46
2017-12-20,NA,NA,NA,2.49
2017-12-21,NA,NA,NA,2.48
2017-12-22,NA,NA,NA,2.48
2017-12-26,NA,NA,NA,2.47
2017-12-27,NA,NA,NA,2.42
2017-12-28,NA,NA,NA,2.43
2017-12-29,NA,NA,NA,2.4
2018-01-01,1.41,4,248.859,NA
2018-01-02,NA,NA,NA,2.46
2018-01-03,NA,NA,NA,2.44
2018-01-04,NA,NA,NA,2.46
2018-01-05,NA,NA,NA,2.47
2018-01-08,NA,NA,NA,2.49
2018-01-09,NA,NA,NA,2.55
2018-01-10,NA,NA,NA,2.55
2018-01-11,NA,NA,NA,2.54
2018-01-12,NA,NA,NA,2.55
2018-01-16,NA,NA,NA,2.54
2018-01-17,NA,NA,NA,2.57
2018-01-18,NA,NA,NA,2.62
2018-01-19,NA,NA,NA,2.64
2018-01-22,NA,NA,NA,2.66
2018-01-23,NA,NA,NA,2.63
2018-01-24,NA,NA,NA,2.65
2018-01-25,NA,NA,NA,2.63
2018-01-26,NA,NA,NA,2.66
2018-01-29,NA,NA,NA,2.7
2018-01-30,NA,NA,NA,2.73
2018-01-31,NA,NA,NA,2.72
2018-02-01,1.42,4.1,249.529,2.78
2018-02-02,NA,NA,NA,2.84
2018-02-05,NA,NA,NA,2.77
2018-02-06,NA,NA,NA,2.79
2018-02-07,NA,NA,NA,2.84
2018-02-08,NA,NA,NA,2.85
2018-02-09,NA,NA,NA,2.83
2018-02-12,NA,NA,NA,2.86
2018-02-13,NA,NA,NA,2.83
2018-02-14,NA,NA,NA,2.91
2018-02-15,NA,NA,NA,2.9
2018-02-16,NA,NA,NA,2.87
2018-02-20,NA,NA,NA,2.88
2018-02-21,NA,NA,NA,2.94
2018-02-22,NA,NA,NA,2.92
2018-02-23,NA,NA,NA,2.88
2018-02-26,NA,NA,NA,2.86
2018-02-27,NA,NA,NA,2.9
2018-02-28,NA,NA,NA,2.87
2018-03-01,1.51,4,249.577,2.81
2018-03-02,NA,NA,NA,2.86
2018-03-05,NA,NA,NA,2.88
2018-03-06,NA,NA,NA,2.88
2018-03-07,NA,NA,NA,2.89
2018-03-08,NA,NA,NA,2.86
2018-03-09,NA,NA,NA,2.9
2018-03-12,NA,NA,NA,2.87
2018-03-13,NA,NA,NA,2.84
2018-03-14,NA,NA,NA,2.81
2018-03-15,NA,NA,NA,2.82
2018-03-16,NA,NA,NA,2.85
2018-03-19,NA,NA,NA,2.85
2018-03-20,NA,NA,NA,2.89
2018-03-21,NA,NA,NA,2.89
2018-03-22,NA,NA,NA,2.83
2018-03-23,NA,NA,NA,2.82
2018-03-26,NA,NA,NA,2.85
2018-03-27,NA,NA,NA,2.78
2018-03-28,NA,NA,NA,2.77
2018-03-29,NA,NA,NA,2.74
2018-04-01,1.69,4,250.227,NA
2018-04-02,NA,NA,NA,2.73
2018-04-03,NA,NA,NA,2.79
2018-04-04,NA,NA,NA,2.79
2018-04-05,NA,NA,NA,2.83
2018-04-06,NA,NA,NA,2.77
2018-04-09,NA,NA,NA,2.78
2018-04-10,NA,NA,NA,2.8
2018-04-11,NA,NA,NA,2.79
2018-04-12,NA,NA,NA,2.83
2018-04-13,NA,NA,NA,2.82
2018-04-16,NA,NA,NA,2.83
2018-04-17,NA,NA,NA,2.82
2018-04-18,NA,NA,NA,2.87
2018-04-19,NA,NA,NA,2.92
2018-04-20,NA,NA,NA,2.96
2018-04-23,NA,NA,NA,2.98
2018-04-24,NA,NA,NA,3
2018-04-25,NA,NA,NA,3.03
2018-04-26,NA,NA,NA,3
2018-04-27,NA,NA,NA,2.96
2018-04-30,NA,NA,NA,2.95
2018-05-01,1.7,3.8,250.792,2.97
2018-05-02,NA,NA,NA,2.97
2018-05-03,NA,NA,NA,2.94
2018-05-04,NA,NA,NA,2.95
2018-05-07,NA,NA,NA,2.95
2018-05-08,NA,NA,NA,2.97
2018-05-09,NA,NA,NA,3
2018-05-10,NA,NA,NA,2.97
2018-05-11,NA,NA,NA,2.97
2018-05-14,NA,NA,NA,3
2018-05-15,NA,NA,NA,3.08
2018-05-16,NA,NA,NA,3.09
2018-05-17,NA,NA,NA,3.11
2018-05-18,NA,NA,NA,3.06
2018-05-21,NA,NA,NA,3.06
2018-05-22,NA,NA,NA,3.06
2018-05-23,NA,NA,NA,3.01
2018-05-24,NA,NA,NA,2.98
2018-05-25,NA,NA,NA,2.93
2018-05-29,NA,NA,NA,2.77
2018-05-30,NA,NA,NA,2.84
2018-05-31,NA,NA,NA,2.83
2018-06-01,1.82,4,251.018,2.89
2018-06-04,NA,NA,NA,2.94
2018-06-05,NA,NA,NA,2.92
2018-06-06,NA,NA,NA,2.97
2018-06-07,NA,NA,NA,2.93
2018-06-08,NA,NA,NA,2.93
2018-06-11,NA,NA,NA,2.96
2018-06-12,NA,NA,NA,2.96
2018-06-13,NA,NA,NA,2.98
2018-06-14,NA,NA,NA,2.94
2018-06-15,NA,NA,NA,2.93
2018-06-18,NA,NA,NA,2.92
2018-06-19,NA,NA,NA,2.89
2018-06-20,NA,NA,NA,2.93
2018-06-21,NA,NA,NA,2.9
2018-06-22,NA,NA,NA,2.9
2018-06-25,NA,NA,NA,2.87
2018-06-26,NA,NA,NA,2.88
2018-06-27,NA,NA,NA,2.83
2018-06-28,NA,NA,NA,2.84
2018-06-29,NA,NA,NA,2.85
2018-07-01,1.91,3.8,251.214,NA
2018-07-02,NA,NA,NA,2.87
2018-07-03,NA,NA,NA,2.83
2018-07-05,NA,NA,NA,2.84
2018-07-06,NA,NA,NA,2.82
2018-07-09,NA,NA,NA,2.86
2018-07-10,NA,NA,NA,2.87
2018-07-11,NA,NA,NA,2.85
2018-07-12,NA,NA,NA,2.85
2018-07-13,NA,NA,NA,2.83
2018-07-16,NA,NA,NA,2.85
2018-07-17,NA,NA,NA,2.86
2018-07-18,NA,NA,NA,2.88
2018-07-19,NA,NA,NA,2.84
2018-07-20,NA,NA,NA,2.89
2018-07-23,NA,NA,NA,2.96
2018-07-24,NA,NA,NA,2.95
2018-07-25,NA,NA,NA,2.94
2018-07-26,NA,NA,NA,2.98
2018-07-27,NA,NA,NA,2.96
2018-07-30,NA,NA,NA,2.98
2018-07-31,NA,NA,NA,2.96
2018-08-01,1.91,3.8,251.663,3
2018-08-02,NA,NA,NA,2.98
2018-08-03,NA,NA,NA,2.95
2018-08-06,NA,NA,NA,2.94
2018-08-07,NA,NA,NA,2.98
2018-08-08,NA,NA,NA,2.96
2018-08-09,NA,NA,NA,2.93
2018-08-10,NA,NA,NA,2.87
2018-08-13,NA,NA,NA,2.88
2018-08-14,NA,NA,NA,2.89
2018-08-15,NA,NA,NA,2.86
2018-08-16,NA,NA,NA,2.87
2018-08-17,NA,NA,NA,2.87
2018-08-20,NA,NA,NA,2.82
2018-08-21,NA,NA,NA,2.85
2018-08-22,NA,NA,NA,2.82
2018-08-23,NA,NA,NA,2.82
2018-08-24,NA,NA,NA,2.82
2018-08-27,NA,NA,NA,2.85
2018-08-28,NA,NA,NA,2.88
2018-08-29,NA,NA,NA,2.89
2018-08-30,NA,NA,NA,2.86
2018-08-31,NA,NA,NA,2.86
2018-09-01,1.95,3.7,252.182,NA
2018-09-04,NA,NA,NA,2.9
2018-09-05,NA,NA,NA,2.9
2018-09-06,NA,NA,NA,2.88
2018-09-07,NA,NA,NA,2.94
2018-09-10,NA,NA,NA,2.94
2018-09-11,NA,NA,NA,2.98
2018-09-12,NA,NA,NA,2.97
2018-09-13,NA,NA,NA,2.97
2018-09-14,NA,NA,NA,2.99
2018-09-17,NA,NA,NA,2.99
2018-09-18,NA,NA,NA,3.05
2018-09-19,NA,NA,NA,3.08
2018-09-20,NA,NA,NA,3.07
2018-09-21,NA,NA,NA,3.07
2018-09-24,NA,NA,NA,3.08
2018-09-25,NA,NA,NA,3.1
2018-09-26,NA,NA,NA,3.06
2018-09-27,NA,NA,NA,3.06
2018-09-28,NA,NA,NA,3.05
2018-10-01,2.19,3.8,252.772,3.09
2018-10-02,NA,NA,NA,3.05
2018-10-03,NA,NA,NA,3.15
2018-10-04,NA,NA,NA,3.19
2018-10-05,NA,NA,NA,3.23
2018-10-09,NA,NA,NA,3.21
2018-10-10,NA,NA,NA,3.22
2018-10-11,NA,NA,NA,3.14
2018-10-12,NA,NA,NA,3.15
2018-10-15,NA,NA,NA,3.16
2018-10-16,NA,NA,NA,3.16
2018-10-17,NA,NA,NA,3.19
2018-10-18,NA,NA,NA,3.17
2018-10-19,NA,NA,NA,3.2
2018-10-22,NA,NA,NA,3.2
2018-10-23,NA,NA,NA,3.17
2018-10-24,NA,NA,NA,3.1
2018-10-25,NA,NA,NA,3.14
2018-10-26,NA,NA,NA,3.08
2018-10-29,NA,NA,NA,3.08
2018-10-30,NA,NA,NA,3.12
2018-10-31,NA,NA,NA,3.15
2018-11-01,2.2,3.8,252.594,3.14
2018-11-02,NA,NA,NA,3.22
2018-11-05,NA,NA,NA,3.2
2018-11-06,NA,NA,NA,3.22
2018-11-07,NA,NA,NA,3.22
2018-11-08,NA,NA,NA,3.24
2018-11-09,NA,NA,NA,3.19
2018-11-13,NA,NA,NA,3.14
2018-11-14,NA,NA,NA,3.12
2018-11-15,NA,NA,NA,3.11
2018-11-16,NA,NA,NA,3.08
2018-11-19,NA,NA,NA,3.06
2018-11-20,NA,NA,NA,3.06
2018-11-21,NA,NA,NA,3.06
2018-11-23,NA,NA,NA,3.05
2018-11-26,NA,NA,NA,3.07
2018-11-27,NA,NA,NA,3.06
2018-11-28,NA,NA,NA,3.06
2018-11-29,NA,NA,NA,3.03
2018-11-30,NA,NA,NA,3.01
2018-12-01,2.27,3.9,252.767,NA
2018-12-03,NA,NA,NA,2.98
2018-12-04,NA,NA,NA,2.91
2018-12-06,NA,NA,NA,2.87
2018-12-07,NA,NA,NA,2.85
2018-12-10,NA,NA,NA,2.85
2018-12-11,NA,NA,NA,2.89
2018-12-12,NA,NA,NA,2.91
2018-12-13,NA,NA,NA,2.91
2018-12-14,NA,NA,NA,2.89
2018-12-17,NA,NA,NA,2.86
2018-12-18,NA,NA,NA,2.82
2018-12-19,NA,NA,NA,2.77
2018-12-20,NA,NA,NA,2.79
2018-12-21,NA,NA,NA,2.79
2018-12-24,NA,NA,NA,2.74
2018-12-26,NA,NA,NA,2.81
2018-12-27,NA,NA,NA,2.77
2018-12-28,NA,NA,NA,2.72
2018-12-31,NA,NA,NA,2.69
2019-01-01,2.4,4,252.561,NA
2019-01-02,NA,NA,NA,2.66
2019-01-03,NA,NA,NA,2.56
2019-01-04,NA,NA,NA,2.67
2019-01-07,NA,NA,NA,2.7
2019-01-08,NA,NA,NA,2.73
2019-01-09,NA,NA,NA,2.74
2019-01-10,NA,NA,NA,2.74
2019-01-11,NA,NA,NA,2.71
2019-01-14,NA,NA,NA,2.71
2019-01-15,NA,NA,NA,2.72
2019-01-16,NA,NA,NA,2.73
2019-01-17,NA,NA,NA,2.75
2019-01-18,NA,NA,NA,2.79
2019-01-22,NA,NA,NA,2.74
2019-01-23,NA,NA,NA,2.76
2019-01-24,NA,NA,NA,2.72
2019-01-25,NA,NA,NA,2.76
2019-01-28,NA,NA,NA,2.75
2019-01-29,NA,NA,NA,2.72
2019-01-30,NA,NA,NA,2.7
2019-01-31,NA,NA,NA,2.63
2019-02-01,2.4,3.8,253.319,2.7
2019-02-04,NA,NA,NA,2.73
2019-02-05,NA,NA,NA,2.71
2019-02-06,NA,NA,NA,2.7
2019-02-07,NA,NA,NA,2.65
2019-02-08,NA,NA,NA,2.63
2019-02-11,NA,NA,NA,2.65
2019-02-12,NA,NA,NA,2.68
2019-02-13,NA,NA,NA,2.71
2019-02-14,NA,NA,NA,2.66
2019-02-15,NA,NA,NA,2.66
2019-02-19,NA,NA,NA,2.65
2019-02-20,NA,NA,NA,2.65
2019-02-21,NA,NA,NA,2.69
2019-02-22,NA,NA,NA,2.65
2019-02-25,NA,NA,NA,2.67
2019-02-26,NA,NA,NA,2.64
2019-02-27,NA,NA,NA,2.69
2019-02-28,NA,NA,NA,2.73
2019-03-01,2.41,3.8,254.277,2.76
2019-03-04,NA,NA,NA,2.72
2019-03-05,NA,NA,NA,2.72
2019-03-06,NA,NA,NA,2.69
2019-03-07,NA,NA,NA,2.64
2019-03-08,NA,NA,NA,2.62
2019-03-11,NA,NA,NA,2.64
2019-03-12,NA,NA,NA,2.61
2019-03-13,NA,NA,NA,2.61
2019-03-14,NA,NA,NA,2.63
2019-03-15,NA,NA,NA,2.59
2019-03-18,NA,NA,NA,2.6
2019-03-19,NA,NA,NA,2.61
2019-03-20,NA,NA,NA,2.54
2019-03-21,NA,NA,NA,2.54
2019-03-22,NA,NA,NA,2.44
2019-03-25,NA,NA,NA,2.43
2019-03-26,NA,NA,NA,2.41
2019-03-27,NA,NA,NA,2.39
2019-03-28,NA,NA,NA,2.39
2019-03-29,NA,NA,NA,2.41
2019-04-01,2.42,3.7,255.233,2.49
2019-04-02,NA,NA,NA,2.48
2019-04-03,NA,NA,NA,2.52
2019-04-04,NA,NA,NA,2.51
2019-04-05,NA,NA,NA,2.5
2019-04-08,NA,NA,NA,2.52
2019-04-09,NA,NA,NA,2.51
2019-04-10,NA,NA,NA,2.48
2019-04-11,NA,NA,NA,2.51
2019-04-12,NA,NA,NA,2.56
2019-04-15,NA,NA,NA,2.55
2019-04-16,NA,NA,NA,2.6
2019-04-17,NA,NA,NA,2.59
2019-04-18,NA,NA,NA,2.57
2019-04-22,NA,NA,NA,2.59
2019-04-23,NA,NA,NA,2.57
2019-04-24,NA,NA,NA,2.53
2019-04-25,NA,NA,NA,2.54
2019-04-26,NA,NA,NA,2.51
2019-04-29,NA,NA,NA,2.54
2019-04-30,NA,NA,NA,2.51
2019-05-01,2.39,3.6,255.296,2.52
2019-05-02,NA,NA,NA,2.55
2019-05-03,NA,NA,NA,2.54
2019-05-06,NA,NA,NA,2.51
2019-05-07,NA,NA,NA,2.45
2019-05-08,NA,NA,NA,2.49
2019-05-09,NA,NA,NA,2.45
2019-05-10,NA,NA,NA,2.47
2019-05-13,NA,NA,NA,2.4
2019-05-14,NA,NA,NA,2.42
2019-05-15,NA,NA,NA,2.37
2019-05-16,NA,NA,NA,2.4
2019-05-17,NA,NA,NA,2.39
2019-05-20,NA,NA,NA,2.41
2019-05-21,NA,NA,NA,2.43
2019-05-22,NA,NA,NA,2.39
2019-05-23,NA,NA,NA,2.31
2019-05-24,NA,NA,NA,2.32
2019-05-28,NA,NA,NA,2.26
2019-05-29,NA,NA,NA,2.25
2019-05-30,NA,NA,NA,2.22
2019-05-31,NA,NA,NA,2.14
2019-06-01,2.38,3.6,255.213,NA
2019-06-03,NA,NA,NA,2.07
2019-06-04,NA,NA,NA,2.12
2019-06-05,NA,NA,NA,2.12
2019-06-06,NA,NA,NA,2.12
2019-06-07,NA,NA,NA,2.09
2019-06-10,NA,NA,NA,2.15
2019-06-11,NA,NA,NA,2.15
2019-06-12,NA,NA,NA,2.13
2019-06-13,NA,NA,NA,2.1
2019-06-14,NA,NA,NA,2.09
2019-06-17,NA,NA,NA,2.09
2019-06-18,NA,NA,NA,2.06
2019-06-19,NA,NA,NA,2.03
2019-06-20,NA,NA,NA,2.01
2019-06-21,NA,NA,NA,2.07
2019-06-24,NA,NA,NA,2.02
2019-06-25,NA,NA,NA,2
2019-06-26,NA,NA,NA,2.05
2019-06-27,NA,NA,NA,2.01
2019-06-28,NA,NA,NA,2
2019-07-01,2.4,3.7,255.802,2.03
2019-07-02,NA,NA,NA,1.98
2019-07-03,NA,NA,NA,1.96
2019-07-05,NA,NA,NA,2.04
2019-07-08,NA,NA,NA,2.05
2019-07-09,NA,NA,NA,2.07
2019-07-10,NA,NA,NA,2.07
2019-07-11,NA,NA,NA,2.13
2019-07-12,NA,NA,NA,2.12
2019-07-15,NA,NA,NA,2.09
2019-07-16,NA,NA,NA,2.13
2019-07-17,NA,NA,NA,2.06
2019-07-18,NA,NA,NA,2.04
2019-07-19,NA,NA,NA,2.05
2019-07-22,NA,NA,NA,2.05
2019-07-23,NA,NA,NA,2.08
2019-07-24,NA,NA,NA,2.05
2019-07-25,NA,NA,NA,2.08
2019-07-26,NA,NA,NA,2.08
2019-07-29,NA,NA,NA,2.06
2019-07-30,NA,NA,NA,2.06
2019-07-31,NA,NA,NA,2.02
2019-08-01,2.13,3.6,256.036,1.9
2019-08-02,NA,NA,NA,1.86
2019-08-05,NA,NA,NA,1.75
2019-08-06,NA,NA,NA,1.73
2019-08-07,NA,NA,NA,1.71
2019-08-08,NA,NA,NA,1.72
2019-08-09,NA,NA,NA,1.74
2019-08-12,NA,NA,NA,1.65
2019-08-13,NA,NA,NA,1.68
2019-08-14,NA,NA,NA,1.59
2019-08-15,NA,NA,NA,1.52
2019-08-16,NA,NA,NA,1.55
2019-08-19,NA,NA,NA,1.6
2019-08-20,NA,NA,NA,1.55
2019-08-21,NA,NA,NA,1.59
2019-08-22,NA,NA,NA,1.62
2019-08-23,NA,NA,NA,1.52
2019-08-26,NA,NA,NA,1.54
2019-08-27,NA,NA,NA,1.49
2019-08-28,NA,NA,NA,1.47
2019-08-29,NA,NA,NA,1.5
2019-08-30,NA,NA,NA,1.5
2019-09-01,2.04,3.5,256.43,NA
2019-09-03,NA,NA,NA,1.47
2019-09-04,NA,NA,NA,1.47
2019-09-05,NA,NA,NA,1.57
2019-09-06,NA,NA,NA,1.55
2019-09-09,NA,NA,NA,1.63
2019-09-10,NA,NA,NA,1.72
2019-09-11,NA,NA,NA,1.75
2019-09-12,NA,NA,NA,1.79
2019-09-13,NA,NA,NA,1.9
2019-09-16,NA,NA,NA,1.84
2019-09-17,NA,NA,NA,1.81
2019-09-18,NA,NA,NA,1.8
2019-09-19,NA,NA,NA,1.79
2019-09-20,NA,NA,NA,1.74
2019-09-23,NA,NA,NA,1.72
2019-09-24,NA,NA,NA,1.64
2019-09-25,NA,NA,NA,1.73
2019-09-26,NA,NA,NA,1.7
2019-09-27,NA,NA,NA,1.69
2019-09-30,NA,NA,NA,1.68
2019-10-01,1.83,3.6,257.155,1.65
2019-10-02,NA,NA,NA,1.6
2019-10-03,NA,NA,NA,1.54
2019-10-04,NA,NA,NA,1.52
2019-10-07,NA,NA,NA,1.56
2019-10-08,NA,NA,NA,1.54
2019-10-09,NA,NA,NA,1.59
2019-10-10,NA,NA,NA,1.67
2019-10-11,NA,NA,NA,1.76
2019-10-15,NA,NA,NA,1.77
2019-10-16,NA,NA,NA,1.75
2019-10-17,NA,NA,NA,1.76
2019-10-18,NA,NA,NA,1.76
2019-10-21,NA,NA,NA,1.8
2019-10-22,NA,NA,NA,1.78
2019-10-23,NA,NA,NA,1.77
2019-10-24,NA,NA,NA,1.77
2019-10-25,NA,NA,NA,1.8
2019-10-28,NA,NA,NA,1.85
2019-10-29,NA,NA,NA,1.84
2019-10-30,NA,NA,NA,1.78
2019-10-31,NA,NA,NA,1.69
2019-11-01,1.55,3.6,257.879,1.73
2019-11-04,NA,NA,NA,1.79
2019-11-05,NA,NA,NA,1.86
2019-11-06,NA,NA,NA,1.81
2019-11-07,NA,NA,NA,1.92
2019-11-08,NA,NA,NA,1.94
2019-11-12,NA,NA,NA,1.92
2019-11-13,NA,NA,NA,1.88
2019-11-14,NA,NA,NA,1.82
2019-11-15,NA,NA,NA,1.84
2019-11-18,NA,NA,NA,1.81
2019-11-19,NA,NA,NA,1.79
2019-11-20,NA,NA,NA,1.73
2019-11-21,NA,NA,NA,1.77
2019-11-22,NA,NA,NA,1.77
2019-11-25,NA,NA,NA,1.76
2019-11-26,NA,NA,NA,1.74
2019-11-27,NA,NA,NA,1.77
2019-11-29,NA,NA,NA,1.78
2019-12-01,1.55,3.6,258.63,NA
2019-12-02,NA,NA,NA,1.83
2019-12-03,NA,NA,NA,1.72
2019-12-04,NA,NA,NA,1.77
2019-12-05,NA,NA,NA,1.8
2019-12-06,NA,NA,NA,1.84
2019-12-09,NA,NA,NA,1.83
2019-12-10,NA,NA,NA,1.85
2019-12-11,NA,NA,NA,1.79
2019-12-12,NA,NA,NA,1.9
2019-12-13,NA,NA,NA,1.82
2019-12-16,NA,NA,NA,1.89
2019-12-17,NA,NA,NA,1.89
2019-12-18,NA,NA,NA,1.92
2019-12-19,NA,NA,NA,1.92
2019-12-20,NA,NA,NA,1.92
2019-12-23,NA,NA,NA,1.93
2019-12-24,NA,NA,NA,1.9
2019-12-26,NA,NA,NA,1.9
2019-12-27,NA,NA,NA,1.88
2019-12-30,NA,NA,NA,1.9
2019-12-31,NA,NA,NA,1.92
2020-01-01,1.55,3.6,259.127,NA
2020-01-02,NA,NA,NA,1.88
2020-01-03,NA,NA,NA,1.8
2020-01-06,NA,NA,NA,1.81
2020-01-07,NA,NA,NA,1.83
2020-01-08,NA,NA,NA,1.87
2020-01-09,NA,NA,NA,1.85
2020-01-10,NA,NA,NA,1.83
2020-01-13,NA,NA,NA,1.85
2020-01-14,NA,NA,NA,1.82
2020-01-15,NA,NA,NA,1.79
2020-01-16,NA,NA,NA,1.81
2020-01-17,NA,NA,NA,1.84
2020-01-21,NA,NA,NA,1.78
2020-01-22,NA,NA,NA,1.77
2020-01-23,NA,NA,NA,1.74
2020-01-24,NA,NA,NA,1.7
2020-01-27,NA,NA,NA,1.61
2020-01-28,NA,NA,NA,1.65
2020-01-29,NA,NA,NA,1.6
2020-01-30,NA,NA,NA,1.57
2020-01-31,NA,NA,NA,1.51
2020-02-01,1.58,3.5,259.25,NA
2020-02-03,NA,NA,NA,1.54
2020-02-04,NA,NA,NA,1.61
2020-02-05,NA,NA,NA,1.66
2020-02-06,NA,NA,NA,1.65
2020-02-07,NA,NA,NA,1.59
2020-02-10,NA,NA,NA,1.56
2020-02-11,NA,NA,NA,1.59
2020-02-12,NA,NA,NA,1.62
2020-02-13,NA,NA,NA,1.61
2020-02-14,NA,NA,NA,1.59
2020-02-18,NA,NA,NA,1.55
2020-02-19,NA,NA,NA,1.56
2020-02-20,NA,NA,NA,1.52
2020-02-21,NA,NA,NA,1.46
2020-02-24,NA,NA,NA,1.38
2020-02-25,NA,NA,NA,1.33
2020-02-26,NA,NA,NA,1.33
2020-02-27,NA,NA,NA,1.3
2020-02-28,NA,NA,NA,1.13
2020-03-01,0.65,4.4,258.076,NA
2020-03-02,NA,NA,NA,1.1
2020-03-03,NA,NA,NA,1.02
2020-03-04,NA,NA,NA,1.02
2020-03-05,NA,NA,NA,0.92
2020-03-06,NA,NA,NA,0.74
2020-03-09,NA,NA,NA,0.54
2020-03-10,NA,NA,NA,0.76
2020-03-11,NA,NA,NA,0.82
2020-03-12,NA,NA,NA,0.88
2020-03-13,NA,NA,NA,0.94
2020-03-16,NA,NA,NA,0.73
2020-03-17,NA,NA,NA,1.02
2020-03-18,NA,NA,NA,1.18
2020-03-19,NA,NA,NA,1.12
2020-03-20,NA,NA,NA,0.92
2020-03-23,NA,NA,NA,0.76
2020-03-24,NA,NA,NA,0.84
2020-03-25,NA,NA,NA,0.88
2020-03-26,NA,NA,NA,0.83
2020-03-27,NA,NA,NA,0.72
2020-03-30,NA,NA,NA,0.7
2020-03-31,NA,NA,NA,0.7
2020-04-01,0.05,14.8,256.032,0.62
2020-04-02,NA,NA,NA,0.63
2020-04-03,NA,NA,NA,0.62
2020-04-06,NA,NA,NA,0.67
2020-04-07,NA,NA,NA,0.75
2020-04-08,NA,NA,NA,0.77
2020-04-09,NA,NA,NA,0.73
2020-04-13,NA,NA,NA,0.76
2020-04-14,NA,NA,NA,0.76
2020-04-15,NA,NA,NA,0.63
2020-04-16,NA,NA,NA,0.61
2020-04-17,NA,NA,NA,0.65
2020-04-20,NA,NA,NA,0.63
2020-04-21,NA,NA,NA,0.58
2020-04-22,NA,NA,NA,0.63
2020-04-23,NA,NA,NA,0.61
2020-04-24,NA,NA,NA,0.6
2020-04-27,NA,NA,NA,0.67
2020-04-28,NA,NA,NA,0.62
2020-04-29,NA,NA,NA,0.63
2020-04-30,NA,NA,NA,0.64
2020-05-01,0.05,13.2,255.802,0.64
2020-05-04,NA,NA,NA,0.64
2020-05-05,NA,NA,NA,0.66
2020-05-06,NA,NA,NA,0.72
2020-05-07,NA,NA,NA,0.63
2020-05-08,NA,NA,NA,0.69
2020-05-11,NA,NA,NA,0.73
2020-05-12,NA,NA,NA,0.69
2020-05-13,NA,NA,NA,0.64
2020-05-14,NA,NA,NA,0.63
2020-05-15,NA,NA,NA,0.64
2020-05-18,NA,NA,NA,0.73
2020-05-19,NA,NA,NA,0.7
2020-05-20,NA,NA,NA,0.68
2020-05-21,NA,NA,NA,0.68
2020-05-22,NA,NA,NA,0.66
2020-05-26,NA,NA,NA,0.69
2020-05-27,NA,NA,NA,0.68
2020-05-28,NA,NA,NA,0.7
2020-05-29,NA,NA,NA,0.65
2020-06-01,0.08,11,257.042,0.66
2020-06-02,NA,NA,NA,0.68
2020-06-03,NA,NA,NA,0.77
2020-06-04,NA,NA,NA,0.82
2020-06-05,NA,NA,NA,0.91
2020-06-08,NA,NA,NA,0.88
2020-06-09,NA,NA,NA,0.84
2020-06-10,NA,NA,NA,0.75
2020-06-11,NA,NA,NA,0.66
2020-06-12,NA,NA,NA,0.71
2020-06-15,NA,NA,NA,0.71
2020-06-16,NA,NA,NA,0.75
2020-06-17,NA,NA,NA,0.74
2020-06-18,NA,NA,NA,0.71
2020-06-19,NA,NA,NA,0.7
2020-06-22,NA,NA,NA,0.71
2020-06-23,NA,NA,NA,0.72
2020-06-24,NA,NA,NA,0.69
2020-06-25,NA,NA,NA,0.68
2020-06-26,NA,NA,NA,0.64
2020-06-29,NA,NA,NA,0.64
2020-06-30,NA,NA,NA,0.66
2020-07-01,0.09,10.2,258.352,0.69
2020-07-02,NA,NA,NA,0.68
2020-07-06,NA,NA,NA,0.69
2020-07-07,NA,NA,NA,0.65
2020-07-08,NA,NA,NA,0.67
2020-07-09,NA,NA,NA,0.62
2020-07-10,NA,NA,NA,0.65
2020-07-13,NA,NA,NA,0.64
2020-07-14,NA,NA,NA,0.63
2020-07-15,NA,NA,NA,0.64
2020-07-16,NA,NA,NA,0.62
2020-07-17,NA,NA,NA,0.64
2020-07-20,NA,NA,NA,0.62
2020-07-21,NA,NA,NA,0.61
2020-07-22,NA,NA,NA,0.6
2020-07-23,NA,NA,NA,0.59
2020-07-24,NA,NA,NA,0.59
2020-07-27,NA,NA,NA,0.62
2020-07-28,NA,NA,NA,0.59
2020-07-29,NA,NA,NA,0.58
2020-07-30,NA,NA,NA,0.55
2020-07-31,NA,NA,NA,0.55
2020-08-01,0.1,8.4,259.316,NA
2020-08-03,NA,NA,NA,0.56
2020-08-04,NA,NA,NA,0.52
2020-08-05,NA,NA,NA,0.55
2020-08-06,NA,NA,NA,0.55
2020-08-07,NA,NA,NA,0.57
2020-08-10,NA,NA,NA,0.59
2020-08-11,NA,NA,NA,0.64
2020-08-12,NA,NA,NA,0.69
2020-08-13,NA,NA,NA,0.71
2020-08-14,NA,NA,NA,0.71
2020-08-17,NA,NA,NA,0.69
2020-08-18,NA,NA,NA,0.67
2020-08-19,NA,NA,NA,0.68
2020-08-20,NA,NA,NA,0.65
2020-08-21,NA,NA,NA,0.64
2020-08-24,NA,NA,NA,0.65
2020-08-25,NA,NA,NA,0.69
2020-08-26,NA,NA,NA,0.69
2020-08-27,NA,NA,NA,0.74
2020-08-28,NA,NA,NA,0.74
2020-08-31,NA,NA,NA,0.72
2020-09-01,0.09,7.8,259.997,0.68
2020-09-02,NA,NA,NA,0.66
2020-09-03,NA,NA,NA,0.63
2020-09-04,NA,NA,NA,0.72
2020-09-08,NA,NA,NA,0.69
2020-09-09,NA,NA,NA,0.71
2020-09-10,NA,NA,NA,0.68
2020-09-11,NA,NA,NA,0.67
2020-09-14,NA,NA,NA,0.68
2020-09-15,NA,NA,NA,0.68
2020-09-16,NA,NA,NA,0.69
2020-09-17,NA,NA,NA,0.69
2020-09-18,NA,NA,NA,0.7
2020-09-21,NA,NA,NA,0.68
2020-09-22,NA,NA,NA,0.68
2020-09-23,NA,NA,NA,0.68
2020-09-24,NA,NA,NA,0.67
2020-09-25,NA,NA,NA,0.66
2020-09-28,NA,NA,NA,0.67
2020-09-29,NA,NA,NA,0.66
2020-09-30,NA,NA,NA,0.69
2020-10-01,0.09,6.9,260.319,0.68
2020-10-02,NA,NA,NA,0.7
2020-10-05,NA,NA,NA,0.78
2020-10-06,NA,NA,NA,0.76
2020-10-07,NA,NA,NA,0.81
2020-10-08,NA,NA,NA,0.78
2020-10-09,NA,NA,NA,0.79
2020-10-13,NA,NA,NA,0.74
2020-10-14,NA,NA,NA,0.73
2020-10-15,NA,NA,NA,0.74
2020-10-16,NA,NA,NA,0.76
2020-10-19,NA,NA,NA,0.78
2020-10-20,NA,NA,NA,0.81
2020-10-21,NA,NA,NA,0.83
2020-10-22,NA,NA,NA,0.87
2020-10-23,NA,NA,NA,0.85
2020-10-26,NA,NA,NA,0.81
2020-10-27,NA,NA,NA,0.79
2020-10-28,NA,NA,NA,0.79
2020-10-29,NA,NA,NA,0.85
2020-10-30,NA,NA,NA,0.88
2020-11-01,0.09,6.7,260.911,NA
2020-11-02,NA,NA,NA,0.87
2020-11-03,NA,NA,NA,0.9
2020-11-04,NA,NA,NA,0.78
2020-11-05,NA,NA,NA,0.79
2020-11-06,NA,NA,NA,0.83
2020-11-09,NA,NA,NA,0.96
2020-11-10,NA,NA,NA,0.98
2020-11-12,NA,NA,NA,0.88
2020-11-13,NA,NA,NA,0.89
2020-11-16,NA,NA,NA,0.91
2020-11-17,NA,NA,NA,0.87
2020-11-18,NA,NA,NA,0.88
2020-11-19,NA,NA,NA,0.86
2020-11-20,NA,NA,NA,0.83
2020-11-23,NA,NA,NA,0.86
2020-11-24,NA,NA,NA,0.88
2020-11-25,NA,NA,NA,0.88
2020-11-27,NA,NA,NA,0.84
2020-11-30,NA,NA,NA,0.84
2020-12-01,0.09,6.7,262.045,0.92
2020-12-02,NA,NA,NA,0.95
2020-12-03,NA,NA,NA,0.92
2020-12-04,NA,NA,NA,0.97
2020-12-07,NA,NA,NA,0.94
2020-12-08,NA,NA,NA,0.92
2020-12-09,NA,NA,NA,0.95
2020-12-10,NA,NA,NA,0.92
2020-12-11,NA,NA,NA,0.9
2020-12-14,NA,NA,NA,0.9
2020-12-15,NA,NA,NA,0.92
2020-12-16,NA,NA,NA,0.92
2020-12-17,NA,NA,NA,0.94
2020-12-18,NA,NA,NA,0.95
2020-12-21,NA,NA,NA,0.95
2020-12-22,NA,NA,NA,0.93
2020-12-23,NA,NA,NA,0.96
2020-12-24,NA,NA,NA,0.94
2020-12-28,NA,NA,NA,0.94
2020-12-29,NA,NA,NA,0.94
2020-12-30,NA,NA,NA,0.93
2020-12-31,NA,NA,NA,0.93
2021-01-01,0.09,6.4,262.687,NA
2021-01-04,NA,NA,NA,0.93
2021-01-05,NA,NA,NA,0.96
2021-01-06,NA,NA,NA,1.04
2021-01-07,NA,NA,NA,1.08
2021-01-08,NA,NA,NA,1.13
2021-01-11,NA,NA,NA,1.15
2021-01-12,NA,NA,NA,1.15
2021-01-13,NA,NA,NA,1.1
2021-01-14,NA,NA,NA,1.15
2021-01-15,NA,NA,NA,1.11
2021-01-19,NA,NA,NA,1.1
2021-01-20,NA,NA,NA,1.1
2021-01-21,NA,NA,NA,1.12
2021-01-22,NA,NA,NA,1.1
2021-01-25,NA,NA,NA,1.05
2021-01-26,NA,NA,NA,1.05
2021-01-27,NA,NA,NA,1.04
2021-01-28,NA,NA,NA,1.07
2021-01-29,NA,NA,NA,1.11
2021-02-01,0.08,6.2,263.579,1.09
2021-02-02,NA,NA,NA,1.12
2021-02-03,NA,NA,NA,1.15
2021-02-04,NA,NA,NA,1.15
2021-02-05,NA,NA,NA,1.19
2021-02-08,NA,NA,NA,1.19
2021-02-09,NA,NA,NA,1.18
2021-02-10,NA,NA,NA,1.15
2021-02-11,NA,NA,NA,1.16
2021-02-12,NA,NA,NA,1.2
2021-02-16,NA,NA,NA,1.3
2021-02-17,NA,NA,NA,1.29
2021-02-18,NA,NA,NA,1.29
2021-02-19,NA,NA,NA,1.34
2021-02-22,NA,NA,NA,1.37
2021-02-23,NA,NA,NA,1.37
2021-02-24,NA,NA,NA,1.38
2021-02-25,NA,NA,NA,1.54
2021-02-26,NA,NA,NA,1.44
2021-03-01,0.07,6.1,264.961,1.45
2021-03-02,NA,NA,NA,1.42
2021-03-03,NA,NA,NA,1.47
2021-03-04,NA,NA,NA,1.54
2021-03-05,NA,NA,NA,1.56
2021-03-08,NA,NA,NA,1.59
2021-03-09,NA,NA,NA,1.55
2021-03-10,NA,NA,NA,1.53
2021-03-11,NA,NA,NA,1.54
2021-03-12,NA,NA,NA,1.64
2021-03-15,NA,NA,NA,1.62
2021-03-16,NA,NA,NA,1.62
2021-03-17,NA,NA,NA,1.63
2021-03-18,NA,NA,NA,1.71
2021-03-19,NA,NA,NA,1.74
2021-03-22,NA,NA,NA,1.69
2021-03-23,NA,NA,NA,1.63
2021-03-24,NA,NA,NA,1.62
2021-03-25,NA,NA,NA,1.63
2021-03-26,NA,NA,NA,1.67
2021-03-29,NA,NA,NA,1.73
2021-03-30,NA,NA,NA,1.73
2021-03-31,NA,NA,NA,1.74
2021-04-01,0.07,6.1,266.614,1.69
2021-04-02,NA,NA,NA,1.72
2021-04-05,NA,NA,NA,1.73
2021-04-06,NA,NA,NA,1.67
2021-04-07,NA,NA,NA,1.68
2021-04-08,NA,NA,NA,1.64
2021-04-09,NA,NA,NA,1.67
2021-04-12,NA,NA,NA,1.69
2021-04-13,NA,NA,NA,1.64
2021-04-14,NA,NA,NA,1.64
2021-04-15,NA,NA,NA,1.56
2021-04-16,NA,NA,NA,1.59
2021-04-19,NA,NA,NA,1.61
2021-04-20,NA,NA,NA,1.58
2021-04-21,NA,NA,NA,1.57
2021-04-22,NA,NA,NA,1.57
2021-04-23,NA,NA,NA,1.58
2021-04-26,NA,NA,NA,1.58
2021-04-27,NA,NA,NA,1.63
2021-04-28,NA,NA,NA,1.63
2021-04-29,NA,NA,NA,1.65
2021-04-30,NA,NA,NA,1.65
2021-05-01,0.06,5.8,268.383,NA
2021-05-03,NA,NA,NA,1.63
2021-05-04,NA,NA,NA,1.61
2021-05-05,NA,NA,NA,1.59
2021-05-06,NA,NA,NA,1.58
2021-05-07,NA,NA,NA,1.6
2021-05-10,NA,NA,NA,1.63
2021-05-11,NA,NA,NA,1.64
2021-05-12,NA,NA,NA,1.69
2021-05-13,NA,NA,NA,1.66
2021-05-14,NA,NA,NA,1.63
2021-05-17,NA,NA,NA,1.64
2021-05-18,NA,NA,NA,1.64
2021-05-19,NA,NA,NA,1.68
2021-05-20,NA,NA,NA,1.63
2021-05-21,NA,NA,NA,1.63
2021-05-24,NA,NA,NA,1.61
2021-05-25,NA,NA,NA,1.56
2021-05-26,NA,NA,NA,1.58
2021-05-27,NA,NA,NA,1.61
2021-05-28,NA,NA,NA,1.58
2021-06-01,0.08,5.9,270.654,1.62
2021-06-02,NA,NA,NA,1.59
2021-06-03,NA,NA,NA,1.63
2021-06-04,NA,NA,NA,1.56
2021-06-07,NA,NA,NA,1.57
2021-06-08,NA,NA,NA,1.53
2021-06-09,NA,NA,NA,1.5
2021-06-10,NA,NA,NA,1.45
2021-06-11,NA,NA,NA,1.47
2021-06-14,NA,NA,NA,1.51
2021-06-15,NA,NA,NA,1.51
2021-06-16,NA,NA,NA,1.57
2021-06-17,NA,NA,NA,1.52
2021-06-18,NA,NA,NA,1.45
2021-06-21,NA,NA,NA,1.5
2021-06-22,NA,NA,NA,1.48
2021-06-23,NA,NA,NA,1.5
2021-06-24,NA,NA,NA,1.49
2021-06-25,NA,NA,NA,1.54
2021-06-28,NA,NA,NA,1.49
2021-06-29,NA,NA,NA,1.49
2021-06-30,NA,NA,NA,1.45
2021-07-01,0.1,5.4,271.903,1.48
2021-07-02,NA,NA,NA,1.44
2021-07-06,NA,NA,NA,1.37
2021-07-07,NA,NA,NA,1.33
2021-07-08,NA,NA,NA,1.3
2021-07-09,NA,NA,NA,1.37
2021-07-12,NA,NA,NA,1.38
2021-07-13,NA,NA,NA,1.42
2021-07-14,NA,NA,NA,1.37
2021-07-15,NA,NA,NA,1.31
2021-07-16,NA,NA,NA,1.31
2021-07-19,NA,NA,NA,1.19
2021-07-20,NA,NA,NA,1.23
2021-07-21,NA,NA,NA,1.3
2021-07-22,NA,NA,NA,1.27
2021-07-23,NA,NA,NA,1.3
2021-07-26,NA,NA,NA,1.29
2021-07-27,NA,NA,NA,1.25
2021-07-28,NA,NA,NA,1.26
2021-07-29,NA,NA,NA,1.28
2021-07-30,NA,NA,NA,1.24
2021-08-01,0.09,5.1,272.676,NA
2021-08-02,NA,NA,NA,1.2
2021-08-03,NA,NA,NA,1.19
2021-08-04,NA,NA,NA,1.19
2021-08-05,NA,NA,NA,1.23
2021-08-06,NA,NA,NA,1.31
2021-08-09,NA,NA,NA,1.33
2021-08-10,NA,NA,NA,1.36
2021-08-11,NA,NA,NA,1.35
2021-08-12,NA,NA,NA,1.36
2021-08-13,NA,NA,NA,1.29
2021-08-16,NA,NA,NA,1.26
2021-08-17,NA,NA,NA,1.26
2021-08-18,NA,NA,NA,1.27
2021-08-19,NA,NA,NA,1.24
2021-08-20,NA,NA,NA,1.26
2021-08-23,NA,NA,NA,1.25
2021-08-24,NA,NA,NA,1.29
2021-08-25,NA,NA,NA,1.35
2021-08-26,NA,NA,NA,1.34
2021-08-27,NA,NA,NA,1.31
2021-08-30,NA,NA,NA,1.29
2021-08-31,NA,NA,NA,1.3
2021-09-01,0.08,4.7,273.91,1.31
2021-09-02,NA,NA,NA,1.29
2021-09-03,NA,NA,NA,1.33
2021-09-07,NA,NA,NA,1.38
2021-09-08,NA,NA,NA,1.35
2021-09-09,NA,NA,NA,1.3
2021-09-10,NA,NA,NA,1.35
2021-09-13,NA,NA,NA,1.33
2021-09-14,NA,NA,NA,1.28
2021-09-15,NA,NA,NA,1.31
2021-09-16,NA,NA,NA,1.34
2021-09-17,NA,NA,NA,1.37
2021-09-20,NA,NA,NA,1.31
2021-09-21,NA,NA,NA,1.33
2021-09-22,NA,NA,NA,1.32
2021-09-23,NA,NA,NA,1.41
2021-09-24,NA,NA,NA,1.47
2021-09-27,NA,NA,NA,1.48
2021-09-28,NA,NA,NA,1.54
2021-09-29,NA,NA,NA,1.55
2021-09-30,NA,NA,NA,1.52
2021-10-01,0.08,4.5,276.55,1.48
2021-10-04,NA,NA,NA,1.49
2021-10-05,NA,NA,NA,1.54
2021-10-06,NA,NA,NA,1.53
2021-10-07,NA,NA,NA,1.58
2021-10-08,NA,NA,NA,1.61
2021-10-12,NA,NA,NA,1.59
2021-10-13,NA,NA,NA,1.56
2021-10-14,NA,NA,NA,1.52
2021-10-15,NA,NA,NA,1.59
2021-10-18,NA,NA,NA,1.59
2021-10-19,NA,NA,NA,1.65
2021-10-20,NA,NA,NA,1.65
2021-10-21,NA,NA,NA,1.68
2021-10-22,NA,NA,NA,1.66
2021-10-25,NA,NA,NA,1.64
2021-10-26,NA,NA,NA,1.63
2021-10-27,NA,NA,NA,1.54
2021-10-28,NA,NA,NA,1.57
2021-10-29,NA,NA,NA,1.55
2021-11-01,0.08,4.1,278.919,1.58
2021-11-02,NA,NA,NA,1.56
2021-11-03,NA,NA,NA,1.6
2021-11-04,NA,NA,NA,1.53
2021-11-05,NA,NA,NA,1.45
2021-11-08,NA,NA,NA,1.51
2021-11-09,NA,NA,NA,1.46
2021-11-10,NA,NA,NA,1.56
2021-11-12,NA,NA,NA,1.58
2021-11-15,NA,NA,NA,1.63
2021-11-16,NA,NA,NA,1.63
2021-11-17,NA,NA,NA,1.6
2021-11-18,NA,NA,NA,1.59
2021-11-19,NA,NA,NA,1.54
2021-11-22,NA,NA,NA,1.63
2021-11-23,NA,NA,NA,1.67
2021-11-24,NA,NA,NA,1.64
2021-11-26,NA,NA,NA,1.48
2021-11-29,NA,NA,NA,1.52
2021-11-30,NA,NA,NA,1.43
2021-12-01,0.08,3.9,280.845,1.43
2021-12-02,NA,NA,NA,1.44
2021-12-03,NA,NA,NA,1.35
2021-12-06,NA,NA,NA,1.43
2021-12-07,NA,NA,NA,1.48
2021-12-08,NA,NA,NA,1.52
2021-12-09,NA,NA,NA,1.49
2021-12-10,NA,NA,NA,1.48
2021-12-13,NA,NA,NA,1.42
2021-12-14,NA,NA,NA,1.44
2021-12-15,NA,NA,NA,1.47
2021-12-16,NA,NA,NA,1.44
2021-12-17,NA,NA,NA,1.41
2021-12-20,NA,NA,NA,1.43
2021-12-21,NA,NA,NA,1.48
2021-12-22,NA,NA,NA,1.46
2021-12-23,NA,NA,NA,1.5
2021-12-27,NA,NA,NA,1.48
2021-12-28,NA,NA,NA,1.49
2021-12-29,NA,NA,NA,1.55
2021-12-30,NA,NA,NA,1.52
2021-12-31,NA,NA,NA,1.52
2022-01-01,0.08,4,282.543,NA
2022-01-03,NA,NA,NA,1.63
2022-01-04,NA,NA,NA,1.66
2022-01-05,NA,NA,NA,1.71
2022-01-06,NA,NA,NA,1.73
2022-01-07,NA,NA,NA,1.76
2022-01-10,NA,NA,NA,1.78
2022-01-11,NA,NA,NA,1.75
2022-01-12,NA,NA,NA,1.74
2022-01-13,NA,NA,NA,1.7
2022-01-14,NA,NA,NA,1.78
2022-01-18,NA,NA,NA,1.87
2022-01-19,NA,NA,NA,1.83
2022-01-20,NA,NA,NA,1.83
2022-01-21,NA,NA,NA,1.75
2022-01-24,NA,NA,NA,1.75
2022-01-25,NA,NA,NA,1.78
2022-01-26,NA,NA,NA,1.85
2022-01-27,NA,NA,NA,1.81
2022-01-28,NA,NA,NA,1.78
2022-01-31,NA,NA,NA,1.79
2022-02-01,0.08,3.9,284.5,1.81
2022-02-02,NA,NA,NA,1.78
2022-02-03,NA,NA,NA,1.82
2022-02-04,NA,NA,NA,1.93
2022-02-07,NA,NA,NA,1.92
2022-02-08,NA,NA,NA,1.96
2022-02-09,NA,NA,NA,1.94
2022-02-10,NA,NA,NA,2.03
2022-02-11,NA,NA,NA,1.92
2022-02-14,NA,NA,NA,1.98
2022-02-15,NA,NA,NA,2.05
2022-02-16,NA,NA,NA,2.03
2022-02-17,NA,NA,NA,1.97
2022-02-18,NA,NA,NA,1.92
2022-02-22,NA,NA,NA,1.94
2022-02-23,NA,NA,NA,1.99
2022-02-24,NA,NA,NA,1.96
2022-02-25,NA,NA,NA,1.97
2022-02-28,NA,NA,NA,1.83
2022-03-01,0.2,3.7,287.674,1.72
2022-03-02,NA,NA,NA,1.86
2022-03-03,NA,NA,NA,1.86
2022-03-04,NA,NA,NA,1.74
2022-03-07,NA,NA,NA,1.78
2022-03-08,NA,NA,NA,1.86
2022-03-09,NA,NA,NA,1.94
2022-03-10,NA,NA,NA,1.98
2022-03-11,NA,NA,NA,2
2022-03-14,NA,NA,NA,2.14
2022-03-15,NA,NA,NA,2.15
2022-03-16,NA,NA,NA,2.19
2022-03-17,NA,NA,NA,2.2
2022-03-18,NA,NA,NA,2.14
2022-03-21,NA,NA,NA,2.32
2022-03-22,NA,NA,NA,2.38
2022-03-23,NA,NA,NA,2.32
2022-03-24,NA,NA,NA,2.34
2022-03-25,NA,NA,NA,2.48
2022-03-28,NA,NA,NA,2.46
2022-03-29,NA,NA,NA,2.41
2022-03-30,NA,NA,NA,2.35
2022-03-31,NA,NA,NA,2.32
2022-04-01,0.33,3.7,288.561,2.39
2022-04-04,NA,NA,NA,2.42
2022-04-05,NA,NA,NA,2.54
2022-04-06,NA,NA,NA,2.61
2022-04-07,NA,NA,NA,2.66
2022-04-08,NA,NA,NA,2.72
2022-04-11,NA,NA,NA,2.79
2022-04-12,NA,NA,NA,2.72
2022-04-13,NA,NA,NA,2.7
2022-04-14,NA,NA,NA,2.83
2022-04-18,NA,NA,NA,2.85
2022-04-19,NA,NA,NA,2.93
2022-04-20,NA,NA,NA,2.85
2022-04-21,NA,NA,NA,2.9
2022-04-22,NA,NA,NA,2.9
2022-04-25,NA,NA,NA,2.81
2022-04-26,NA,NA,NA,2.77
2022-04-27,NA,NA,NA,2.82
2022-04-28,NA,NA,NA,2.85
2022-04-29,NA,NA,NA,2.89
2022-05-01,0.77,3.6,291.298,NA
2022-05-02,NA,NA,NA,2.99
2022-05-03,NA,NA,NA,2.97
2022-05-04,NA,NA,NA,2.93
2022-05-05,NA,NA,NA,3.05
2022-05-06,NA,NA,NA,3.12
2022-05-09,NA,NA,NA,3.05
2022-05-10,NA,NA,NA,2.99
2022-05-11,NA,NA,NA,2.91
2022-05-12,NA,NA,NA,2.84
2022-05-13,NA,NA,NA,2.93
2022-05-16,NA,NA,NA,2.88
2022-05-17,NA,NA,NA,2.98
2022-05-18,NA,NA,NA,2.89
2022-05-19,NA,NA,NA,2.84
2022-05-20,NA,NA,NA,2.78
2022-05-23,NA,NA,NA,2.86
2022-05-24,NA,NA,NA,2.76
2022-05-25,NA,NA,NA,2.75
2022-05-26,NA,NA,NA,2.75
2022-05-27,NA,NA,NA,2.74
2022-05-31,NA,NA,NA,2.85
2022-06-01,1.21,3.6,294.957,2.94
2022-06-02,NA,NA,NA,2.92
2022-06-03,NA,NA,NA,2.96
2022-06-06,NA,NA,NA,3.04
2022-06-07,NA,NA,NA,2.98
2022-06-08,NA,NA,NA,3.03
2022-06-09,NA,NA,NA,3.04
2022-06-10,NA,NA,NA,3.15
2022-06-13,NA,NA,NA,3.43
2022-06-14,NA,NA,NA,3.49
2022-06-15,NA,NA,NA,3.33
2022-06-16,NA,NA,NA,3.28
2022-06-17,NA,NA,NA,3.25
2022-06-21,NA,NA,NA,3.31
2022-06-22,NA,NA,NA,3.16
2022-06-23,NA,NA,NA,3.09
2022-06-24,NA,NA,NA,3.13
2022-06-27,NA,NA,NA,3.2
2022-06-28,NA,NA,NA,3.2
2022-06-29,NA,NA,NA,3.1
2022-06-30,NA,NA,NA,2.98
2022-07-01,1.68,3.5,294.913,2.88
2022-07-05,NA,NA,NA,2.82
2022-07-06,NA,NA,NA,2.93
2022-07-07,NA,NA,NA,3.01
2022-07-08,NA,NA,NA,3.09
2022-07-11,NA,NA,NA,2.99
2022-07-12,NA,NA,NA,2.96
2022-07-13,NA,NA,NA,2.91
2022-07-14,NA,NA,NA,2.96
2022-07-15,NA,NA,NA,2.93
2022-07-18,NA,NA,NA,2.96
2022-07-19,NA,NA,NA,3.01
2022-07-20,NA,NA,NA,3.04
2022-07-21,NA,NA,NA,2.91
2022-07-22,NA,NA,NA,2.77
2022-07-25,NA,NA,NA,2.81
2022-07-26,NA,NA,NA,2.81
2022-07-27,NA,NA,NA,2.78
2022-07-28,NA,NA,NA,2.68
2022-07-29,NA,NA,NA,2.67
2022-08-01,2.33,3.6,295.097,2.6
2022-08-02,NA,NA,NA,2.75
2022-08-03,NA,NA,NA,2.73
2022-08-04,NA,NA,NA,2.68
2022-08-05,NA,NA,NA,2.83
2022-08-08,NA,NA,NA,2.77
2022-08-09,NA,NA,NA,2.8
2022-08-10,NA,NA,NA,2.78
2022-08-11,NA,NA,NA,2.87
2022-08-12,NA,NA,NA,2.84
2022-08-15,NA,NA,NA,2.79
2022-08-16,NA,NA,NA,2.82
2022-08-17,NA,NA,NA,2.89
2022-08-18,NA,NA,NA,2.88
2022-08-19,NA,NA,NA,2.98
2022-08-22,NA,NA,NA,3.03
2022-08-23,NA,NA,NA,3.05
2022-08-24,NA,NA,NA,3.11
2022-08-25,NA,NA,NA,3.03
2022-08-26,NA,NA,NA,3.04
2022-08-29,NA,NA,NA,3.12
2022-08-30,NA,NA,NA,3.11
2022-08-31,NA,NA,NA,3.15
2022-09-01,2.56,3.5,296.349,3.26
2022-09-02,NA,NA,NA,3.2
2022-09-06,NA,NA,NA,3.33
2022-09-07,NA,NA,NA,3.27
2022-09-08,NA,NA,NA,3.29
2022-09-09,NA,NA,NA,3.33
2022-09-12,NA,NA,NA,3.37
2022-09-13,NA,NA,NA,3.42
2022-09-14,NA,NA,NA,3.41
2022-09-15,NA,NA,NA,3.45
2022-09-16,NA,NA,NA,3.45
2022-09-19,NA,NA,NA,3.49
2022-09-20,NA,NA,NA,3.57
2022-09-21,NA,NA,NA,3.51
2022-09-22,NA,NA,NA,3.7
2022-09-23,NA,NA,NA,3.69
2022-09-26,NA,NA,NA,3.88
2022-09-27,NA,NA,NA,3.97
2022-09-28,NA,NA,NA,3.72
2022-09-29,NA,NA,NA,3.76
2022-09-30,NA,NA,NA,3.83
2022-10-01,3.08,3.6,298.007,NA
2022-10-03,NA,NA,NA,3.67
2022-10-04,NA,NA,NA,3.62
2022-10-05,NA,NA,NA,3.76
2022-10-06,NA,NA,NA,3.83
2022-10-07,NA,NA,NA,3.89
2022-10-11,NA,NA,NA,3.93
2022-10-12,NA,NA,NA,3.91
2022-10-13,NA,NA,NA,3.97
2022-10-14,NA,NA,NA,4
2022-10-17,NA,NA,NA,4.02
2022-10-18,NA,NA,NA,4.01
2022-10-19,NA,NA,NA,4.14
2022-10-20,NA,NA,NA,4.24
2022-10-21,NA,NA,NA,4.21
2022-10-24,NA,NA,NA,4.25
2022-10-25,NA,NA,NA,4.1
2022-10-26,NA,NA,NA,4.04
2022-10-27,NA,NA,NA,3.96
2022-10-28,NA,NA,NA,4.02
2022-10-31,NA,NA,NA,4.1
2022-11-01,3.78,3.6,298.786,4.07
2022-11-02,NA,NA,NA,4.1
2022-11-03,NA,NA,NA,4.14
2022-11-04,NA,NA,NA,4.17
2022-11-07,NA,NA,NA,4.22
2022-11-08,NA,NA,NA,4.14
2022-11-09,NA,NA,NA,4.12
2022-11-10,NA,NA,NA,3.82
2022-11-14,NA,NA,NA,3.88
2022-11-15,NA,NA,NA,3.8
2022-11-16,NA,NA,NA,3.67
2022-11-17,NA,NA,NA,3.77
2022-11-18,NA,NA,NA,3.82
2022-11-21,NA,NA,NA,3.83
2022-11-22,NA,NA,NA,3.76
2022-11-23,NA,NA,NA,3.71
2022-11-25,NA,NA,NA,3.68
2022-11-28,NA,NA,NA,3.69
2022-11-29,NA,NA,NA,3.75
2022-11-30,NA,NA,NA,3.68
2022-12-01,4.1,3.5,298.832,3.53
2022-12-02,NA,NA,NA,3.51
2022-12-05,NA,NA,NA,3.6
2022-12-06,NA,NA,NA,3.51
2022-12-07,NA,NA,NA,3.42
2022-12-08,NA,NA,NA,3.48
2022-12-09,NA,NA,NA,3.57
2022-12-12,NA,NA,NA,3.61
2022-12-13,NA,NA,NA,3.51
2022-12-14,NA,NA,NA,3.49
2022-12-15,NA,NA,NA,3.44
2022-12-16,NA,NA,NA,3.48
2022-12-19,NA,NA,NA,3.57
2022-12-20,NA,NA,NA,3.69
2022-12-21,NA,NA,NA,3.68
2022-12-22,NA,NA,NA,3.67
2022-12-23,NA,NA,NA,3.75
2022-12-27,NA,NA,NA,3.84
2022-12-28,NA,NA,NA,3.88
2022-12-29,NA,NA,NA,3.83
2022-12-30,NA,NA,NA,3.88
2023-01-01,4.33,3.5,300.42,NA
2023-01-03,NA,NA,NA,3.79
2023-01-04,NA,NA,NA,3.69
2023-01-05,NA,NA,NA,3.71
2023-01-06,NA,NA,NA,3.55
2023-01-09,NA,NA,NA,3.53
2023-01-10,NA,NA,NA,3.61
2023-01-11,NA,NA,NA,3.54
2023-01-12,NA,NA,NA,3.43
2023-01-13,NA,NA,NA,3.49
2023-01-17,NA,NA,NA,3.53
2023-01-18,NA,NA,NA,3.37
2023-01-19,NA,NA,NA,3.39
2023-01-20,NA,NA,NA,3.48
2023-01-23,NA,NA,NA,3.52
2023-01-24,NA,NA,NA,3.46
2023-01-25,NA,NA,NA,3.46
2023-01-26,NA,NA,NA,3.49
2023-01-27,NA,NA,NA,3.52
2023-01-30,NA,NA,NA,3.55
2023-01-31,NA,NA,NA,3.52
2023-02-01,4.57,3.6,301.45,3.39
2023-02-02,NA,NA,NA,3.4
2023-02-03,NA,NA,NA,3.53
2023-02-06,NA,NA,NA,3.63
2023-02-07,NA,NA,NA,3.67
2023-02-08,NA,NA,NA,3.63
2023-02-09,NA,NA,NA,3.67
2023-02-10,NA,NA,NA,3.74
2023-02-13,NA,NA,NA,3.72
2023-02-14,NA,NA,NA,3.77
2023-02-15,NA,NA,NA,3.81
2023-02-16,NA,NA,NA,3.86
2023-02-17,NA,NA,NA,3.82
2023-02-21,NA,NA,NA,3.95
2023-02-22,NA,NA,NA,3.93
2023-02-23,NA,NA,NA,3.88
2023-02-24,NA,NA,NA,3.95
2023-02-27,NA,NA,NA,3.92
2023-02-28,NA,NA,NA,3.92
2023-03-01,4.65,3.5,301.821,4.01
2023-03-02,NA,NA,NA,4.08
2023-03-03,NA,NA,NA,3.97
2023-03-06,NA,NA,NA,3.98
2023-03-07,NA,NA,NA,3.97
2023-03-08,NA,NA,NA,3.98
2023-03-09,NA,NA,NA,3.93
2023-03-10,NA,NA,NA,3.7
2023-03-13,NA,NA,NA,3.55
2023-03-14,NA,NA,NA,3.64
2023-03-15,NA,NA,NA,3.51
2023-03-16,NA,NA,NA,3.56
2023-03-17,NA,NA,NA,3.39
2023-03-20,NA,NA,NA,3.47
2023-03-21,NA,NA,NA,3.59
2023-03-22,NA,NA,NA,3.48
2023-03-23,NA,NA,NA,3.38
2023-03-24,NA,NA,NA,3.38
2023-03-27,NA,NA,NA,3.53
2023-03-28,NA,NA,NA,3.55
2023-03-29,NA,NA,NA,3.57
2023-03-30,NA,NA,NA,3.55
2023-03-31,NA,NA,NA,3.48
2023-04-01,4.83,3.4,302.845,NA
2023-04-03,NA,NA,NA,3.43
2023-04-04,NA,NA,NA,3.35
2023-04-05,NA,NA,NA,3.3
2023-04-06,NA,NA,NA,3.3
2023-04-07,NA,NA,NA,3.39
2023-04-10,NA,NA,NA,3.41
2023-04-11,NA,NA,NA,3.43
2023-04-12,NA,NA,NA,3.41
2023-04-13,NA,NA,NA,3.45
2023-04-14,NA,NA,NA,3.52
2023-04-17,NA,NA,NA,3.6
2023-04-18,NA,NA,NA,3.58
2023-04-19,NA,NA,NA,3.6
2023-04-20,NA,NA,NA,3.54
2023-04-21,NA,NA,NA,3.57
2023-04-24,NA,NA,NA,3.52
2023-04-25,NA,NA,NA,3.4
2023-04-26,NA,NA,NA,3.43
2023-04-27,NA,NA,NA,3.53
2023-04-28,NA,NA,NA,3.44
2023-05-01,5.06,3.6,303.334,3.59
2023-05-02,NA,NA,NA,3.44
2023-05-03,NA,NA,NA,3.38
2023-05-04,NA,NA,NA,3.37
2023-05-05,NA,NA,NA,3.44
2023-05-08,NA,NA,NA,3.52
2023-05-09,NA,NA,NA,3.53
2023-05-10,NA,NA,NA,3.43
2023-05-11,NA,NA,NA,3.39
2023-05-12,NA,NA,NA,3.46
2023-05-15,NA,NA,NA,3.5
2023-05-16,NA,NA,NA,3.54
2023-05-17,NA,NA,NA,3.57
2023-05-18,NA,NA,NA,3.65
2023-05-19,NA,NA,NA,3.7
2023-05-22,NA,NA,NA,3.72
2023-05-23,NA,NA,NA,3.7
2023-05-24,NA,NA,NA,3.73
2023-05-25,NA,NA,NA,3.83
2023-05-26,NA,NA,NA,3.8
2023-05-30,NA,NA,NA,3.69
2023-05-31,NA,NA,NA,3.64
2023-06-01,5.08,3.6,304.014,3.61
2023-06-02,NA,NA,NA,3.69
2023-06-05,NA,NA,NA,3.69
2023-06-06,NA,NA,NA,3.7
2023-06-07,NA,NA,NA,3.79
2023-06-08,NA,NA,NA,3.73
2023-06-09,NA,NA,NA,3.75
2023-06-12,NA,NA,NA,3.73
2023-06-13,NA,NA,NA,3.84
2023-06-14,NA,NA,NA,3.83
2023-06-15,NA,NA,NA,3.72
2023-06-16,NA,NA,NA,3.77
2023-06-20,NA,NA,NA,3.74
2023-06-21,NA,NA,NA,3.72
2023-06-22,NA,NA,NA,3.8
2023-06-23,NA,NA,NA,3.74
2023-06-26,NA,NA,NA,3.72
2023-06-27,NA,NA,NA,3.77
2023-06-28,NA,NA,NA,3.71
2023-06-29,NA,NA,NA,3.85
2023-06-30,NA,NA,NA,3.81
2023-07-01,5.12,3.5,304.609,NA
2023-07-03,NA,NA,NA,3.86
2023-07-05,NA,NA,NA,3.95
2023-07-06,NA,NA,NA,4.05
2023-07-07,NA,NA,NA,4.06
2023-07-10,NA,NA,NA,4.01
2023-07-11,NA,NA,NA,3.99
2023-07-12,NA,NA,NA,3.86
2023-07-13,NA,NA,NA,3.76
2023-07-14,NA,NA,NA,3.83
2023-07-17,NA,NA,NA,3.81
2023-07-18,NA,NA,NA,3.8
2023-07-19,NA,NA,NA,3.75
2023-07-20,NA,NA,NA,3.85
2023-07-21,NA,NA,NA,3.84
2023-07-24,NA,NA,NA,3.86
2023-07-25,NA,NA,NA,3.91
2023-07-26,NA,NA,NA,3.86
2023-07-27,NA,NA,NA,4.01
2023-07-28,NA,NA,NA,3.96
2023-07-31,NA,NA,NA,3.97
2023-08-01,5.33,3.7,306.082,4.05
2023-08-02,NA,NA,NA,4.08
2023-08-03,NA,NA,NA,4.2
2023-08-04,NA,NA,NA,4.05
2023-08-07,NA,NA,NA,4.09
2023-08-08,NA,NA,NA,4.02
2023-08-09,NA,NA,NA,4
2023-08-10,NA,NA,NA,4.09
2023-08-11,NA,NA,NA,4.16
2023-08-14,NA,NA,NA,4.19
2023-08-15,NA,NA,NA,4.21
2023-08-16,NA,NA,NA,4.28
2023-08-17,NA,NA,NA,4.3
2023-08-18,NA,NA,NA,4.26
2023-08-21,NA,NA,NA,4.34
2023-08-22,NA,NA,NA,4.34
2023-08-23,NA,NA,NA,4.19
2023-08-24,NA,NA,NA,4.23
2023-08-25,NA,NA,NA,4.25
2023-08-28,NA,NA,NA,4.2
2023-08-29,NA,NA,NA,4.12
2023-08-30,NA,NA,NA,4.12
2023-08-31,NA,NA,NA,4.09
2023-09-01,5.33,3.7,307.276,4.18
2023-09-05,NA,NA,NA,4.27
2023-09-06,NA,NA,NA,4.3
2023-09-07,NA,NA,NA,4.27
2023-09-08,NA,NA,NA,4.26
2023-09-11,NA,NA,NA,4.29
2023-09-12,NA,NA,NA,4.27
2023-09-13,NA,NA,NA,4.25
2023-09-14,NA,NA,NA,4.29
2023-09-15,NA,NA,NA,4.33
2023-09-18,NA,NA,NA,4.32
2023-09-19,NA,NA,NA,4.37
2023-09-20,NA,NA,NA,4.35
2023-09-21,NA,NA,NA,4.49
2023-09-22,NA,NA,NA,4.44
2023-09-25,NA,NA,NA,4.55
2023-09-26,NA,NA,NA,4.56
2023-09-27,NA,NA,NA,4.61
2023-09-28,NA,NA,NA,4.59
2023-09-29,NA,NA,NA,4.59
2023-10-01,5.33,3.9,307.696,NA
2023-10-02,NA,NA,NA,4.69
2023-10-03,NA,NA,NA,4.81
2023-10-04,NA,NA,NA,4.73
2023-10-05,NA,NA,NA,4.72
2023-10-06,NA,NA,NA,4.78
2023-10-10,NA,NA,NA,4.66
2023-10-11,NA,NA,NA,4.58
2023-10-12,NA,NA,NA,4.7
2023-10-13,NA,NA,NA,4.63
2023-10-16,NA,NA,NA,4.71
2023-10-17,NA,NA,NA,4.83
2023-10-18,NA,NA,NA,4.91
2023-10-19,NA,NA,NA,4.98
2023-10-20,NA,NA,NA,4.93
2023-10-23,NA,NA,NA,4.86
2023-10-24,NA,NA,NA,4.83
2023-10-25,NA,NA,NA,4.95
2023-10-26,NA,NA,NA,4.86
2023-10-27,NA,NA,NA,4.84
2023-10-30,NA,NA,NA,4.88
2023-10-31,NA,NA,NA,4.88
2023-11-01,5.33,3.7,308.148,4.77
2023-11-02,NA,NA,NA,4.67
2023-11-03,NA,NA,NA,4.57
2023-11-06,NA,NA,NA,4.67
2023-11-07,NA,NA,NA,4.58
2023-11-08,NA,NA,NA,4.49
2023-11-09,NA,NA,NA,4.62
2023-11-10,NA,NA,NA,4.61
2023-11-13,NA,NA,NA,4.63
2023-11-14,NA,NA,NA,4.44
2023-11-15,NA,NA,NA,4.53
2023-11-16,NA,NA,NA,4.45
2023-11-17,NA,NA,NA,4.44
2023-11-20,NA,NA,NA,4.42
2023-11-21,NA,NA,NA,4.41
2023-11-22,NA,NA,NA,4.42
2023-11-24,NA,NA,NA,4.47
2023-11-27,NA,NA,NA,4.39
2023-11-28,NA,NA,NA,4.34
2023-11-29,NA,NA,NA,4.27
2023-11-30,NA,NA,NA,4.37
2023-12-01,5.33,3.8,308.741,4.22
2023-12-04,NA,NA,NA,4.28
2023-12-05,NA,NA,NA,4.18
2023-12-06,NA,NA,NA,4.12
2023-12-07,NA,NA,NA,4.14
2023-12-08,NA,NA,NA,4.23
2023-12-11,NA,NA,NA,4.23
2023-12-12,NA,NA,NA,4.2
2023-12-13,NA,NA,NA,4.04
2023-12-14,NA,NA,NA,3.92
2023-12-15,NA,NA,NA,3.91
2023-12-18,NA,NA,NA,3.95
2023-12-19,NA,NA,NA,3.93
2023-12-20,NA,NA,NA,3.86
2023-12-21,NA,NA,NA,3.89
2023-12-22,NA,NA,NA,3.9
2023-12-26,NA,NA,NA,3.89
2023-12-27,NA,NA,NA,3.79
2023-12-28,NA,NA,NA,3.84
2023-12-29,NA,NA,NA,3.88
2024-01-01,5.33,3.7,309.698,NA
2024-01-02,NA,NA,NA,3.95
2024-01-03,NA,NA,NA,3.91
2024-01-04,NA,NA,NA,3.99
2024-01-05,NA,NA,NA,4.05
2024-01-08,NA,NA,NA,4.01
2024-01-09,NA,NA,NA,4.02
2024-01-10,NA,NA,NA,4.04
2024-01-11,NA,NA,NA,3.98
2024-01-12,NA,NA,NA,3.96
2024-01-16,NA,NA,NA,4.07
2024-01-17,NA,NA,NA,4.1
2024-01-18,NA,NA,NA,4.14
2024-01-19,NA,NA,NA,4.15
2024-01-22,NA,NA,NA,4.11
2024-01-23,NA,NA,NA,4.14
2024-01-24,NA,NA,NA,4.18
2024-01-25,NA,NA,NA,4.14
2024-01-26,NA,NA,NA,4.15
2024-01-29,NA,NA,NA,4.08
2024-01-30,NA,NA,NA,4.06
2024-01-31,NA,NA,NA,3.99
2024-02-01,5.33,3.9,310.967,3.87
2024-02-02,NA,NA,NA,4.03
2024-02-05,NA,NA,NA,4.17
2024-02-06,NA,NA,NA,4.09
2024-02-07,NA,NA,NA,4.09
2024-02-08,NA,NA,NA,4.15
2024-02-09,NA,NA,NA,4.17
2024-02-12,NA,NA,NA,4.17
2024-02-13,NA,NA,NA,4.31
2024-02-14,NA,NA,NA,4.27
2024-02-15,NA,NA,NA,4.24
2024-02-16,NA,NA,NA,4.3
2024-02-20,NA,NA,NA,4.27
2024-02-21,NA,NA,NA,4.32
2024-02-22,NA,NA,NA,4.33
2024-02-23,NA,NA,NA,4.26
2024-02-26,NA,NA,NA,4.28
2024-02-27,NA,NA,NA,4.31
2024-02-28,NA,NA,NA,4.27
2024-02-29,NA,NA,NA,4.25
2024-03-01,5.33,3.9,312.345,4.19
2024-03-04,NA,NA,NA,4.22
2024-03-05,NA,NA,NA,4.13
2024-03-06,NA,NA,NA,4.11
2024-03-07,NA,NA,NA,4.09
2024-03-08,NA,NA,NA,4.09
2024-03-11,NA,NA,NA,4.1
2024-03-12,NA,NA,NA,4.16
2024-03-13,NA,NA,NA,4.19
2024-03-14,NA,NA,NA,4.29
2024-03-15,NA,NA,NA,4.31
2024-03-18,NA,NA,NA,4.34
2024-03-19,NA,NA,NA,4.3
2024-03-20,NA,NA,NA,4.27
2024-03-21,NA,NA,NA,4.27
2024-03-22,NA,NA,NA,4.22
2024-03-25,NA,NA,NA,4.25
2024-03-26,NA,NA,NA,4.24
2024-03-27,NA,NA,NA,4.2
2024-03-28,NA,NA,NA,4.2
2024-04-01,5.33,3.9,313.023,4.33
2024-04-02,NA,NA,NA,4.36
2024-04-03,NA,NA,NA,4.36
2024-04-04,NA,NA,NA,4.31
2024-04-05,NA,NA,NA,4.39
2024-04-08,NA,NA,NA,4.42
2024-04-09,NA,NA,NA,4.36
2024-04-10,NA,NA,NA,4.55
2024-04-11,NA,NA,NA,4.56
2024-04-12,NA,NA,NA,4.5
2024-04-15,NA,NA,NA,4.63
2024-04-16,NA,NA,NA,4.67
2024-04-17,NA,NA,NA,4.59
2024-04-18,NA,NA,NA,4.64
2024-04-19,NA,NA,NA,4.62
2024-04-22,NA,NA,NA,4.62
2024-04-23,NA,NA,NA,4.61
2024-04-24,NA,NA,NA,4.65
2024-04-25,NA,NA,NA,4.7
2024-04-26,NA,NA,NA,4.67
2024-04-29,NA,NA,NA,4.63
2024-04-30,NA,NA,NA,4.69
2024-05-01,5.33,3.9,313.175,4.63
2024-05-02,NA,NA,NA,4.58
2024-05-03,NA,NA,NA,4.5
2024-05-06,NA,NA,NA,4.49
2024-05-07,NA,NA,NA,4.47
2024-05-08,NA,NA,NA,4.48
2024-05-09,NA,NA,NA,4.45
2024-05-10,NA,NA,NA,4.5
2024-05-13,NA,NA,NA,4.48
2024-05-14,NA,NA,NA,4.45
2024-05-15,NA,NA,NA,4.36
2024-05-16,NA,NA,NA,4.38
2024-05-17,NA,NA,NA,4.42
2024-05-20,NA,NA,NA,4.44
2024-05-21,NA,NA,NA,4.41
2024-05-22,NA,NA,NA,4.43
2024-05-23,NA,NA,NA,4.47
2024-05-24,NA,NA,NA,4.46
2024-05-28,NA,NA,NA,4.54
2024-05-29,NA,NA,NA,4.61
2024-05-30,NA,NA,NA,4.55
2024-05-31,NA,NA,NA,4.51
2024-06-01,5.33,4.1,313.044,NA
2024-06-03,NA,NA,NA,4.41
2024-06-04,NA,NA,NA,4.33
2024-06-05,NA,NA,NA,4.29
2024-06-06,NA,NA,NA,4.28
2024-06-07,NA,NA,NA,4.43
2024-06-10,NA,NA,NA,4.47
2024-06-11,NA,NA,NA,4.39
2024-06-12,NA,NA,NA,4.31
2024-06-13,NA,NA,NA,4.24
2024-06-14,NA,NA,NA,4.2
2024-06-17,NA,NA,NA,4.28
2024-06-18,NA,NA,NA,4.22
2024-06-20,NA,NA,NA,4.25
2024-06-21,NA,NA,NA,4.25
2024-06-24,NA,NA,NA,4.25
2024-06-25,NA,NA,NA,4.23
2024-06-26,NA,NA,NA,4.32
2024-06-27,NA,NA,NA,4.29
2024-06-28,NA,NA,NA,4.36
2024-07-01,5.33,4.2,313.569,4.48
2024-07-02,NA,NA,NA,4.43
2024-07-03,NA,NA,NA,4.36
2024-07-05,NA,NA,NA,4.28
2024-07-08,NA,NA,NA,4.28
2024-07-09,NA,NA,NA,4.3
2024-07-10,NA,NA,NA,4.28
2024-07-11,NA,NA,NA,4.2
2024-07-12,NA,NA,NA,4.18
2024-07-15,NA,NA,NA,4.23
2024-07-16,NA,NA,NA,4.17
2024-07-17,NA,NA,NA,4.16
2024-07-18,NA,NA,NA,4.2
2024-07-19,NA,NA,NA,4.25
2024-07-22,NA,NA,NA,4.26
2024-07-23,NA,NA,NA,4.25
2024-07-24,NA,NA,NA,4.28
2024-07-25,NA,NA,NA,4.27
2024-07-26,NA,NA,NA,4.2
2024-07-29,NA,NA,NA,4.17
2024-07-30,NA,NA,NA,4.15
2024-07-31,NA,NA,NA,4.09
2024-08-01,5.33,4.2,314.062,3.99
2024-08-02,NA,NA,NA,3.8
2024-08-05,NA,NA,NA,3.78
2024-08-06,NA,NA,NA,3.9
2024-08-07,NA,NA,NA,3.96
2024-08-08,NA,NA,NA,3.99
2024-08-09,NA,NA,NA,3.94
2024-08-12,NA,NA,NA,3.9
2024-08-13,NA,NA,NA,3.85
2024-08-14,NA,NA,NA,3.83
2024-08-15,NA,NA,NA,3.92
2024-08-16,NA,NA,NA,3.89
2024-08-19,NA,NA,NA,3.86
2024-08-20,NA,NA,NA,3.82
2024-08-21,NA,NA,NA,3.79
2024-08-22,NA,NA,NA,3.86
2024-08-23,NA,NA,NA,3.81
2024-08-26,NA,NA,NA,3.82
2024-08-27,NA,NA,NA,3.83
2024-08-28,NA,NA,NA,3.84
2024-08-29,NA,NA,NA,3.87
2024-08-30,NA,NA,NA,3.91
2024-09-01,5.13,4.1,314.732,NA
2024-09-03,NA,NA,NA,3.84
2024-09-04,NA,NA,NA,3.77
2024-09-05,NA,NA,NA,3.73
2024-09-06,NA,NA,NA,3.72
2024-09-09,NA,NA,NA,3.7
2024-09-10,NA,NA,NA,3.65
2024-09-11,NA,NA,NA,3.65
2024-09-12,NA,NA,NA,3.68
2024-09-13,NA,NA,NA,3.66
2024-09-16,NA,NA,NA,3.63
2024-09-17,NA,NA,NA,3.65
2024-09-18,NA,NA,NA,3.7
2024-09-19,NA,NA,NA,3.73
2024-09-20,NA,NA,NA,3.73
2024-09-23,NA,NA,NA,3.75
2024-09-24,NA,NA,NA,3.74
2024-09-25,NA,NA,NA,3.79
2024-09-26,NA,NA,NA,3.79
2024-09-27,NA,NA,NA,3.75
2024-09-30,NA,NA,NA,3.81
2024-10-01,4.83,4.1,315.631,3.74
2024-10-02,NA,NA,NA,3.79
2024-10-03,NA,NA,NA,3.85
2024-10-04,NA,NA,NA,3.98
2024-10-07,NA,NA,NA,4.03
2024-10-08,NA,NA,NA,4.04
2024-10-09,NA,NA,NA,4.06
2024-10-10,NA,NA,NA,4.09
2024-10-11,NA,NA,NA,4.08
2024-10-15,NA,NA,NA,4.03
2024-10-16,NA,NA,NA,4.02
2024-10-17,NA,NA,NA,4.09
2024-10-18,NA,NA,NA,4.08
2024-10-21,NA,NA,NA,4.19
2024-10-22,NA,NA,NA,4.2
2024-10-23,NA,NA,NA,4.24
2024-10-24,NA,NA,NA,4.21
2024-10-25,NA,NA,NA,4.25
2024-10-28,NA,NA,NA,4.28
2024-10-29,NA,NA,NA,4.28
2024-10-30,NA,NA,NA,4.29
2024-10-31,NA,NA,NA,4.28
2024-11-01,4.64,4.2,316.528,4.37
2024-11-04,NA,NA,NA,4.31
2024-11-05,NA,NA,NA,4.26
2024-11-06,NA,NA,NA,4.42
2024-11-07,NA,NA,NA,4.31
2024-11-08,NA,NA,NA,4.3
2024-11-12,NA,NA,NA,4.43
2024-11-13,NA,NA,NA,4.44
2024-11-14,NA,NA,NA,4.43
2024-11-15,NA,NA,NA,4.43
2024-11-18,NA,NA,NA,4.42
2024-11-19,NA,NA,NA,4.39
2024-11-20,NA,NA,NA,4.41
2024-11-21,NA,NA,NA,4.43
2024-11-22,NA,NA,NA,4.41
2024-11-25,NA,NA,NA,4.27
2024-11-26,NA,NA,NA,4.3
2024-11-27,NA,NA,NA,4.25
2024-11-29,NA,NA,NA,4.18
2024-12-01,4.48,4.1,317.604,NA
2024-12-02,NA,NA,NA,4.19
2024-12-03,NA,NA,NA,4.23
2024-12-04,NA,NA,NA,4.19
2024-12-05,NA,NA,NA,4.17
2024-12-06,NA,NA,NA,4.15
2024-12-09,NA,NA,NA,4.2
2024-12-10,NA,NA,NA,4.22
2024-12-11,NA,NA,NA,4.26
2024-12-12,NA,NA,NA,4.32
2024-12-13,NA,NA,NA,4.4
2024-12-16,NA,NA,NA,4.39
2024-12-17,NA,NA,NA,4.4
2024-12-18,NA,NA,NA,4.5
2024-12-19,NA,NA,NA,4.57
2024-12-20,NA,NA,NA,4.52
2024-12-23,NA,NA,NA,4.59
2024-12-24,NA,NA,NA,4.59
2024-12-26,NA,NA,NA,4.58
2024-12-27,NA,NA,NA,4.62
2024-12-30,NA,NA,NA,4.55
2024-12-31,NA,NA,NA,4.58
2025-01-01,4.33,4,318.961,NA
2025-01-02,NA,NA,NA,4.57
2025-01-03,NA,NA,NA,4.6
2025-01-06,NA,NA,NA,4.62
2025-01-07,NA,NA,NA,4.67
2025-01-08,NA,NA,NA,4.67
2025-01-09,NA,NA,NA,4.68
2025-01-10,NA,NA,NA,4.77
2025-01-13,NA,NA,NA,4.79
2025-01-14,NA,NA,NA,4.78
2025-01-15,NA,NA,NA,4.66
2025-01-16,NA,NA,NA,4.61
2025-01-17,NA,NA,NA,4.61
2025-01-21,NA,NA,NA,4.57
2025-01-22,NA,NA,NA,4.6
2025-01-23,NA,NA,NA,4.65
2025-01-24,NA,NA,NA,4.63
2025-01-27,NA,NA,NA,4.53
2025-01-28,NA,NA,NA,4.55
2025-01-29,NA,NA,NA,4.55
2025-01-30,NA,NA,NA,4.52
2025-01-31,NA,NA,NA,4.58
2025-02-01,4.33,4.2,319.679,NA
2025-02-03,NA,NA,NA,4.54
2025-02-04,NA,NA,NA,4.52
2025-02-05,NA,NA,NA,4.43
2025-02-06,NA,NA,NA,4.45
2025-02-07,NA,NA,NA,4.49
2025-02-10,NA,NA,NA,4.51
2025-02-11,NA,NA,NA,4.54
2025-02-12,NA,NA,NA,4.62
2025-02-13,NA,NA,NA,4.52
2025-02-14,NA,NA,NA,4.47
2025-02-18,NA,NA,NA,4.55
2025-02-19,NA,NA,NA,4.53
2025-02-20,NA,NA,NA,4.5
2025-02-21,NA,NA,NA,4.42
2025-02-24,NA,NA,NA,4.4
2025-02-25,NA,NA,NA,4.3
2025-02-26,NA,NA,NA,4.25
2025-02-27,NA,NA,NA,4.29
2025-02-28,NA,NA,NA,4.24
2025-03-01,4.33,4.2,319.785,NA
2025-03-03,NA,NA,NA,4.16
2025-03-04,NA,NA,NA,4.22
2025-03-05,NA,NA,NA,4.28
2025-03-06,NA,NA,NA,4.29
2025-03-07,NA,NA,NA,4.32
2025-03-10,NA,NA,NA,4.22
2025-03-11,NA,NA,NA,4.28
2025-03-12,NA,NA,NA,4.32
2025-03-13,NA,NA,NA,4.27
2025-03-14,NA,NA,NA,4.31
2025-03-17,NA,NA,NA,4.31
2025-03-18,NA,NA,NA,4.29
2025-03-19,NA,NA,NA,4.25
2025-03-20,NA,NA,NA,4.24
2025-03-21,NA,NA,NA,4.25
2025-03-24,NA,NA,NA,4.34
2025-03-25,NA,NA,NA,4.31
2025-03-26,NA,NA,NA,4.35
2025-03-27,NA,NA,NA,4.38
2025-03-28,NA,NA,NA,4.27
2025-03-31,NA,NA,NA,4.23
2025-04-01,4.33,4.2,320.302,4.17
2025-04-02,NA,NA,NA,4.2
2025-04-03,NA,NA,NA,4.06
2025-04-04,NA,NA,NA,4.01
2025-04-07,NA,NA,NA,4.15
2025-04-08,NA,NA,NA,4.26
2025-04-09,NA,NA,NA,4.34
2025-04-10,NA,NA,NA,4.4
2025-04-11,NA,NA,NA,4.48
2025-04-14,NA,NA,NA,4.38
2025-04-15,NA,NA,NA,4.35
2025-04-16,NA,NA,NA,4.29
2025-04-17,NA,NA,NA,4.34
2025-04-21,NA,NA,NA,4.42
2025-04-22,NA,NA,NA,4.41
2025-04-23,NA,NA,NA,4.4
2025-04-24,NA,NA,NA,4.32
2025-04-25,NA,NA,NA,4.29
2025-04-28,NA,NA,NA,4.23
2025-04-29,NA,NA,NA,4.19
2025-04-30,NA,NA,NA,4.17
2025-05-01,4.33,4.3,320.62,4.25
2025-05-02,NA,NA,NA,4.33
2025-05-05,NA,NA,NA,4.36
2025-05-06,NA,NA,NA,4.3
2025-05-07,NA,NA,NA,4.26
2025-05-08,NA,NA,NA,4.37
2025-05-09,NA,NA,NA,4.37
2025-05-12,NA,NA,NA,4.45
2025-05-13,NA,NA,NA,4.49
2025-05-14,NA,NA,NA,4.53
2025-05-15,NA,NA,NA,4.45
2025-05-16,NA,NA,NA,4.43
2025-05-19,NA,NA,NA,4.46
2025-05-20,NA,NA,NA,4.48
2025-05-21,NA,NA,NA,4.58
2025-05-22,NA,NA,NA,4.54
2025-05-23,NA,NA,NA,4.51
2025-05-27,NA,NA,NA,4.43
2025-05-28,NA,NA,NA,4.47
2025-05-29,NA,NA,NA,4.43
2025-05-30,NA,NA,NA,4.41
2025-06-01,4.33,4.1,321.435,NA
2025-06-02,NA,NA,NA,4.46
2025-06-03,NA,NA,NA,4.46
2025-06-04,NA,NA,NA,4.37
2025-06-05,NA,NA,NA,4.4
2025-06-06,NA,NA,NA,4.51
2025-06-09,NA,NA,NA,4.49
2025-06-10,NA,NA,NA,4.47
2025-06-11,NA,NA,NA,4.41
2025-06-12,NA,NA,NA,4.36
2025-06-13,NA,NA,NA,4.41
2025-06-16,NA,NA,NA,4.46
2025-06-17,NA,NA,NA,4.39
2025-06-18,NA,NA,NA,4.38
2025-06-20,NA,NA,NA,4.38
2025-06-23,NA,NA,NA,4.34
2025-06-24,NA,NA,NA,4.3
2025-06-25,NA,NA,NA,4.29
2025-06-26,NA,NA,NA,4.26
2025-06-27,NA,NA,NA,4.29
2025-06-30,NA,NA,NA,4.24
2025-07-01,4.33,4.3,322.169,4.26
2025-07-02,NA,NA,NA,4.3
2025-07-03,NA,NA,NA,4.35
2025-07-07,NA,NA,NA,4.4
2025-07-08,NA,NA,NA,4.42
2025-07-09,NA,NA,NA,4.34
2025-07-10,NA,NA,NA,4.35
2025-07-11,NA,NA,NA,4.43
2025-07-14,NA,NA,NA,4.43
2025-07-15,NA,NA,NA,4.5
2025-07-16,NA,NA,NA,4.46
2025-07-17,NA,NA,NA,4.47
2025-07-18,NA,NA,NA,4.44
2025-07-21,NA,NA,NA,4.38
2025-07-22,NA,NA,NA,4.35
2025-07-23,NA,NA,NA,4.4
2025-07-24,NA,NA,NA,4.43
2025-07-25,NA,NA,NA,4.4
2025-07-28,NA,NA,NA,4.42
2025-07-29,NA,NA,NA,4.34
2025-07-30,NA,NA,NA,4.38
2025-07-31,NA,NA,NA,4.37
2025-08-01,4.33,4.3,323.291,4.23
2025-08-04,NA,NA,NA,4.22
2025-08-05,NA,NA,NA,4.22
2025-08-06,NA,NA,NA,4.22
2025-08-07,NA,NA,NA,4.23
2025-08-08,NA,NA,NA,4.27
2025-08-11,NA,NA,NA,4.27
2025-08-12,NA,NA,NA,4.29
2025-08-13,NA,NA,NA,4.24
2025-08-14,NA,NA,NA,4.29
2025-08-15,NA,NA,NA,4.33
2025-08-18,NA,NA,NA,4.34
2025-08-19,NA,NA,NA,4.3
2025-08-20,NA,NA,NA,4.29
2025-08-21,NA,NA,NA,4.33
2025-08-22,NA,NA,NA,4.26
2025-08-25,NA,NA,NA,4.28
2025-08-26,NA,NA,NA,4.26
2025-08-27,NA,NA,NA,4.24
2025-08-28,NA,NA,NA,4.22
2025-08-29,NA,NA,NA,4.23
2025-09-01,4.22,4.4,324.245,NA
2025-09-02,NA,NA,NA,4.28
2025-09-03,NA,NA,NA,4.22
2025-09-04,NA,NA,NA,4.17
2025-09-05,NA,NA,NA,4.1
2025-09-08,NA,NA,NA,4.05
2025-09-09,NA,NA,NA,4.08
2025-09-10,NA,NA,NA,4.04
2025-09-11,NA,NA,NA,4.01
2025-09-12,NA,NA,NA,4.06
2025-09-15,NA,NA,NA,4.05
2025-09-16,NA,NA,NA,4.04
2025-09-17,NA,NA,NA,4.06
2025-09-18,NA,NA,NA,4.11
2025-09-19,NA,NA,NA,4.14
2025-09-22,NA,NA,NA,4.15
2025-09-23,NA,NA,NA,4.12
2025-09-24,NA,NA,NA,4.16
2025-09-25,NA,NA,NA,4.18
2025-09-26,NA,NA,NA,4.2
2025-09-29,NA,NA,NA,4.15
2025-09-30,NA,NA,NA,4.16
2025-10-01,4.09,NA,NA,4.12
2025-10-02,NA,NA,NA,4.1
2025-10-03,NA,NA,NA,4.13
2025-10-06,NA,NA,NA,4.18
2025-10-07,NA,NA,NA,4.14
2025-10-08,NA,NA,NA,4.13
2025-10-09,NA,NA,NA,4.14
2025-10-10,NA,NA,NA,4.05
2025-10-14,NA,NA,NA,4.03
2025-10-15,NA,NA,NA,4.05
2025-10-16,NA,NA,NA,3.99
2025-10-17,NA,NA,NA,4.02
2025-10-20,NA,NA,NA,4
2025-10-21,NA,NA,NA,3.98
2025-10-22,NA,NA,NA,3.97
2025-10-23,NA,NA,NA,4.01
2025-10-24,NA,NA,NA,4.02
2025-10-27,NA,NA,NA,4.01
2025-10-28,NA,NA,NA,3.99
2025-10-29,NA,NA,NA,4.08
2025-10-30,NA,NA,NA,4.11
2025-10-31,NA,NA,NA,4.11
2025-11-01,3.88,4.5,325.063,NA
2025-11-03,NA,NA,NA,4.13
2025-11-04,NA,NA,NA,4.1
2025-11-05,NA,NA,NA,4.17
2025-11-06,NA,NA,NA,4.11
2025-11-07,NA,NA,NA,4.11
2025-11-10,NA,NA,NA,4.13
2025-11-12,NA,NA,NA,4.08
2025-11-13,NA,NA,NA,4.11
2025-11-14,NA,NA,NA,4.14
2025-11-17,NA,NA,NA,4.13
2025-11-18,NA,NA,NA,4.12
2025-11-19,NA,NA,NA,4.13
2025-11-20,NA,NA,NA,4.1
2025-11-21,NA,NA,NA,4.06
2025-11-24,NA,NA,NA,4.04
2025-11-25,NA,NA,NA,4.01
2025-11-26,NA,NA,NA,4
2025-11-28,NA,NA,NA,4.02
2025-12-01,3.72,4.4,326.031,4.09
2025-12-02,NA,NA,NA,4.09
2025-12-03,NA,NA,NA,4.06
2025-12-04,NA,NA,NA,4.11
2025-12-05,NA,NA,NA,4.14
2025-12-08,NA,NA,NA,4.17
2025-12-09,NA,NA,NA,4.18
2025-12-10,NA,NA,NA,4.13
2025-12-11,NA,NA,NA,4.14
2025-12-12,NA,NA,NA,4.19
2025-12-15,NA,NA,NA,4.18
2025-12-16,NA,NA,NA,4.15
2025-12-17,NA,NA,NA,4.16
2025-12-18,NA,NA,NA,4.12
2025-12-19,NA,NA,NA,4.16
2025-12-22,NA,NA,NA,4.17
2025-12-23,NA,NA,NA,4.18
2025-12-24,NA,NA,NA,4.15
2025-12-26,NA,NA,NA,4.14
2025-12-29,NA,NA,NA,4.12
2025-12-30,NA,NA,NA,4.14
2025-12-31,NA,NA,NA,4.18
2026-01-01,3.64,4.3,326.588,NA
2026-01-02,NA,NA,NA,4.19
2026-01-05,NA,NA,NA,4.17
2026-01-06,NA,NA,NA,4.18
2026-01-07,NA,NA,NA,4.15
2026-01-08,NA,NA,NA,4.19
2026-01-09,NA,NA,NA,4.18
2026-01-12,NA,NA,NA,4.19
2026-01-13,NA,NA,NA,4.18
2026-01-14,NA,NA,NA,4.15
2026-01-15,NA,NA,NA,4.17
2026-01-16,NA,NA,NA,4.24
2026-01-20,NA,NA,NA,4.3
2026-01-21,NA,NA,NA,4.26
2026-01-22,NA,NA,NA,4.26
2026-01-23,NA,NA,NA,4.24
2026-01-26,NA,NA,NA,4.22
2026-01-27,NA,NA,NA,4.24
2026-01-28,NA,NA,NA,4.26
2026-01-29,NA,NA,NA,4.24
2026-01-30,NA,NA,NA,4.26
2026-02-02,NA,NA,NA,4.29
2026-02-03,NA,NA,NA,4.28
2026-02-04,NA,NA,NA,4.29
2026-02-05,NA,NA,NA,4.21
2026-02-06,NA,NA,NA,4.22
2026-02-09,NA,NA,NA,4.22
2026-02-10,NA,NA,NA,4.16
2026-02-11,NA,NA,NA,4.18
2026-02-12,NA,NA,NA,4.09
